keyword,word
믿음,믿음은 바라는 것들의 실상이요 보지 못하는 것들의 증거니
믿음,그러므로 믿음은 들음에서 나며 들음은 그리스도의 말씀에 의해 나는 것이다
믿음,예수께서 이르시되 너희 믿음이 적음으로 인함이라 진실로 너희에게 이르노니 만일 너희에게 겨자씨 한 알만한 믿음이 있으면 이 산을 명하여 여기서 저기로 옮겨지라 하여도 옮겨질 것이요 너희가 할 수 없는 일이 없으리라
믿음,믿음이 없이는 하나님을 기쁘시게 할 수 없나니 하나님께 나아가는 자는 그가 계신 것과 자기를 찾는 자들에게 상 주시는 이심을 믿어야 할지니라
믿음,내가 너희에게 말하노니 무엇이든지 기도하고 구하는 것은 이미 받은 줄로 믿으라 그리하면 너희에게 그대로 되리라
믿음,오직 믿음으로 구할 때 아무 의심 없이 구하라 의심하는 자는 바람에 밀려가는 바다 물결 같아서
믿음,복음에는 하나님의 의가 나타나서 믿음으로 믿음에 이르게 하느니라 기록된 바 의인은 믿음으로 살리라 함과 같으니라
믿음,하나님이 세상을 이처럼 사랑하사 독생자를 주셨으니 이는 그를 믿는 자마다 멸망하지 않고 영생을 얻게 하려 하심이라
믿음,우리는 믿음으로 행하고 보는 것으로 행하지 아니하노라
믿음,너희는 마음에 근심하지 말라 하나님을 믿으니 또 나를 믿으라
믿음,오직 의인은 믿음으로 살리라 그리고 그가 돌아서면 내 마음이 그를 기뻐하지 아니하리라
믿음,내가 그리스도와 함께 십자가에 못 박혔나니 그런즉 이제 내가 사는 것이 아니요 오직 내 안에 그리스도께서 사시는 것이라
믿음,예수께서 이르시되 할 수 있거든이 무슨 말이냐 믿는 자에게는 능치 못할 일이 없느니라
믿음,믿음은 바라는 것들의 실상이요 보지 못하는 것들의 증거니
믿음,우리가 믿음으로 의롭다 하심을 얻었으니 우리 주 예수 그리스도로 말미암아 하나님과 화평을 누리자
믿음,너희가 기도할 때에 믿고 구하는 것은 다 받으리라
믿음,그 아버지가 소리질러 이르되 주여 내가 믿나이다 나의 믿음 없는 것을 도와주소서
믿음,너희는 그 은혜에 의하여 믿음으로 구원을 얻었으니 이것은 너희에게서 난 것이 아니요 하나님의 선물이라
믿음,네가 만일 네 입으로 예수를 주로 시인하며 네 마음으로 하나님께서 그를 죽은 자 가운데서 살리신 것을 믿으면 구원을 얻으리라
믿음,너희가 다 믿음으로 말미암아 그리스도 예수 안에서 하나님의 아들이 되었느니라
믿음,이에 예수께서 그들에게 이르시되 너희 믿음대로 되리라
믿음,그들은 믿음으로 왕국을 얻었으며 의로움을 행하고 약속을 받으며 사자의 입을 막았으며 불의 세력으로부터 구출되었으며 칼의 입에서 벗어났고 약한 자들이 강하게 되었으며 전쟁에서 싸워 적들의 군대를 물리쳤다
믿음,그런즉 믿음 소망 사랑 이 세 가지는 항상 있을 것인데 그 중에 제일은 사랑이라
믿음,우리가 말하기를 사람이 의롭게 되는 것은 율법의 행위에서가 아니요 오직 믿음으로 되는 것이라
믿음,진실로 진실로 너희에게 이르노니 믿는 자는 영생을 가질 것이다
믿음,이 모든 사람들이 믿음을 따라 죽었으며 약속을 받지 못하였으나 그것을 멀리서 보고 기뻐하며 땅에서 외국인과 나그네임을 증언하였으며
믿음,깨어 믿음에 굳게 서서 남자답게 강건하라
믿음,제자들이 예수께 나아가 이르되 어찌하여 우리가 능히 그 귀신을 쫓아내지 못하였나이까 예수께서 이르시되 너희 믿음이 작은 까닭이니라
믿음,믿음이 없는 자가 먹으면 정죄를 받나니 이는 믿음으로 하지 아니한 것이 죄가 되기 때문이라
믿음,여호와를 아는 자는 주께 피할지니 주를 찾는 자는 주께서 버리지 아니하시리로다
믿음,성경에 기록된 바 내가 믿었으므로 말하였노라 함과 같이 우리가 같은 믿음을 가지고 있으므로 또한 말하노니
믿음,믿음으로 에녹은 죽음을 보지 않고 옮겨졌으니 하나님이 그를 옮기셨다
믿음,예수께서 들으시고 놀랍게 여기셔서 따르는 자들에게 이르시되 진실로 너희에게 이르노니 내가 이스라엘 중 아무에게도 이만한 믿음을 보지 못하였노라
믿음,우리가 너희의 믿음을 주관하려는 것이 아니라 오직 너희의 기쁨을 돕기 위함이라
믿음,사람이 율법의 행위로 의롭게 되지 아니하고 오직 예수 그리스도를 믿음으로 의롭게 된다
믿음,예수께서 이르시되 딸아 네 믿음이 너를 구원하였다 평안히 가라
믿음,너희 믿음이 사람의 지혜에 의존하지 않고 하나님의 능력에 의존하게 하려 함이라
믿음,여호와를 바라는 너희들아 담대하고 강하게 하라
믿음,이 모든 사람들이 믿음을 따라 죽었으나 약속을 받지 못하였으니
믿음,예수께서 대답하여 이르시되 내가 진실로 너희에게 이르노니 만일 너희가 믿고 의심하지 아니하면 이 무화과나무에게 일어난 일이 너희에게도 일어날 것이요 이 산을 명하여 여기서 저기로 옮겨지라 하면 옮겨질 것이다
믿음,예수께서 이르시되 나는 생명의 떡이니 내게 오는 자는 결코 줄이지 아니하고 나를 믿는 자는 결코 목마르지 아니하리라
믿음,예수께서 그들의 믿음 없음을 이상히 여기시며 여러 고을에서 병자들을 고치셨다
믿음,그들이 이르되 주 예수를 믿으라 그리하면 너와 네 집이 구원을 얻으리라
믿음,예수께서 이르시되 가라 네 믿음이 너를 구원하였다 그가 곧 보게 되어 예수를 따라가니라
믿음,우리가 들은 복음도 그들과 같았으나 들은 말씀이 그들에게 유익하지 못한 것은 그들이 믿음으로 결합하지 않았기 때문이다
믿음,성경이 무엇을 말하느냐 아브라함이 하나님을 믿으니 그것이 그에게 의로 여겨졌느니라
믿음,네가 하나님은 한 분이신 것을 믿는도다 잘 하였도다 그러나 귀신들도 믿고 떨지니라
믿음,일을 하지 아니하고 오직 하나님을 믿는 자에게는 그의 믿음을 의로 여기시느니라
믿음,제자들의 마음을 굳건하게 하고 믿음에 머물러 있으라 권하며 우리가 하나님의 나라에 들어가려면 많은 환난을 겪어야 한다고 말하였다
믿음,여호와는 나의 반석이요 나의 요새요 나를 구원하는 자요 나의 하나님이시요 내가 그를 믿는다
믿음,끝까지 견디는 자는 구원을 얻으리라
믿음,또 어떤 이에게는 동일한 성령으로 믿음을 다른 이에게는 그 동일한 성령으로 병 고치는 은사를 주셨고
믿음,우리가 구원을 얻었으니 이는 우리가 보지 못하는 것을 기다리는 것이기 때문이다
믿음,우리가 마음의 정결함과 온전한 믿음으로 하나님께 나아가자
믿음,예수께서 이르시되 내가 네게 말하지 아니하였느냐 네가 믿으면 하나님의 영광을 보리라
믿음,게으르지 아니하고 믿음과 인내로 약속을 상속받는 자가 되도록 하라
믿음,그들이 보낸 사람을 예수께 데려오니 예수께서 그들의 믿음을 보시고 중풍병자를 고쳐주셨다
믿음,예수께서 그들의 믿음을 보시고 중풍병자에게 말씀하시되 자 아들아 네 죄가 사해졌느니라
믿음,믿는 사람들이 다 함께 있어 모든 것을 공동으로 사용하였고
믿음,예수께서 이르시되 너는 나를 본 고로 믿느냐 보지 못하고 믿는 자들이 복되도다
믿음,너희가 믿음 안에 있는가 너희 자신을 시험하고 너희 자신을 확증하라
믿음,그들이 의의를 구하되 믿음으로 얻지 않고 행위로 얻으려 했기 때문이다
믿음,그가 보았을 때 사람이 나무처럼 보이는 것을 보았다
믿음,그러므로 자기를 힘입어 하나님께 나아가는 자들을 온전히 구원하시며 그들은 항상 그에게 나아가며 믿음을 가지고 구할 수 있다
믿음,그러므로 누구든지 나를 믿고 고백하는 자는 내가 하늘의 아버지 앞에서 고백할 것이다
믿음,우리가 이제 그의 피로 의롭다 하심을 받았으니 더욱 그로 말미암아 진노를 면할 것이다
믿음,오직 이것을 기록함은 너희가 예수께서 그리스도요 하나님의 아들인 것을 믿게 하려 함이요 그로 인하여 생명을 얻으려 함이니라
믿음,우리가 다 한 성령으로 세례를 받아 한 몸이 되었고 한 성령을 마시게 되었느니라
믿음,믿음의 주요 또 온전하게 하시는 예수를 바라보자
믿음,예수께서 이르시되 네 말이 옳다 가라 네 믿음이 너를 구원하였다
믿음,여호와를 믿고 선을 행하라 땅에 거주하며 성실을 먹을 것이다
믿음,이런 확신을 가진 우리가 그리스도로 말미암아 하나님을 믿는 자로서 나아간다
믿음,내가 두려워할 때에 나는 주를 의지하리이다
믿음,여호와를 기다리는 자는 새 힘을 얻으리니 독수리가 날개치며 올라감 같을 것이요 달려가도 피곤하지 아니하고 걸어가도 곤비하지 아니하리로다
믿음,그러므로 내 사랑하는 형제들아 견고하고 흔들리지 말고 주의 일에 항상 넘치게 하라
믿음,내가 정직하게 배우기를 원하노니 주의 법을 가르쳐 주소서
믿음,주께서는 완전한 평안을 주시리니 그의 마음이 주를 믿고 의지하는 자에게 평안을 주시리로다
믿음,소망의 하나님이 모든 기쁨과 평강을 믿음 안에서 너희에게 넘치게 하시기를 원하노라
믿음,내가 진실로 진실로 너희에게 이르노니 내 말을 듣고 나 보내신 이를 믿는 자는 영생을 얻었고 심판에 이르지 아니하며 사망에서 생명으로 옮겨졌느니라
믿음,여호와는 나의 빛이요 나의 구원이시니 내가 누구를 두려워하리요 여호와는 내 생명의 강하시니 내가 누구를 무서워하리요
믿음,성경에 기록된 바 내가 믿었으므로 말하였노라 함과 같이 우리가 같은 믿음을 가지고 있으므로 또한 말하노니
믿음,예수께서 들으시고 놀랍게 여기시며 따르는 자들에게 이르시되 진실로 너희에게 이르노니 내가 이스라엘 중 아무에게도 이만한 믿음을 보지 못하였노라
믿음,믿음의 주요 또 온전하게 하시는 예수를 바라보자
믿음,그들이 교회마다 장로들을 세우고 기도와 금식으로 그들을 하나님께 부탁하였으며
믿음,하나님의 의가 예수 그리스도를 믿는 믿음으로 모든 믿는 자에게 미치나니 차별이 없느니라
믿음,믿음이 그의 행위와 함께 일하고 행위로 믿음이 온전하게 되었느니라
믿음,내가 너희에게 말하노니 무엇이든지 기도하고 구하는 것은 이미 받은 줄로 믿으라 그리하면 너희에게 그대로 되리라
믿음,우리는 믿음으로 행하고 보는 것으로 행하지 아니하노라
믿음,내가 진실로 진실로 너희에게 이르노니 나를 믿는 자는 내가 하는 일을 그도 할 것이요 또한 그보다 큰 일을 하리니 이는 내가 아버지께로 가기 때문이라
믿음,예수께서 그들에게 이르시되 내가 능히 이 일을 할 수 있음을 믿느냐 그들이 말하되 주여 믿나이다
믿음,아브라함은 하나님의 부르심을 따라 믿음으로 갈 바를 알지 못하고 떠났으니 하나님께서 그에게 약속하신 성을 그가 얻기 위해 떠난 것이다
믿음,우리가 보지 못하는 것들을 바라보며 믿음을 잃지 않도록 하자
믿음,그러므로 믿음으로 인하여 의롭게 된 자들이 하나님의 약속을 잃지 않도록 하자
믿음,내 영혼아 어찌하여 낙심하며 어찌하여 내 속에서 불안해하는가 너는 하나님을 바라라
믿음,예수께서 그에게 이르시되 두려워하지 말고 믿기만 하라
믿음,나를 믿는 자는 성경에 이른 바와 같이 그 배에서 생수의 강이 흘러나리라
믿음,우리가 그에게 담대히 나아가며 믿음으로 하나님께 구할 수 있게 된 것을 믿으라
믿음,여호와를 신뢰하는 것이 사람을 신뢰하는 것보다 낫다
믿음,아들을 믿는 자는 영생을 얻고 아들에게 순종하지 않는 자는 생명을 보지 못하고 하나님의 진노가 그 위에 머물러 있으리라
믿음,믿음의 주요 또 온전하게 하시는 예수를 바라보자
사랑,하나님이 세상을 이처럼 사랑하사 독생자를 주셨으니 이는 그를 믿는 자마다 멸망하지 않고 영생을 얻게 하려 하심이라
사랑,사랑은 오래 참고 사랑은 온유하며 시기하지 아니하며 사랑은 자랑하지 아니하며 교만하지 아니하며 무례히 행하지 아니하며 자기의 유익을 구하지 아니하며 성내지 아니하며 악한 일을 생각하지 아니하며 불의를 기뻐하지 아니하며 진리와 함께 기뻐하며 모든 것을 참으며 모든 것을 믿으며 모든 것을 바라며 모든 것을 견디느니라
사랑,사랑하는 자들아 우리가 서로 사랑하자 사랑은 하나님께 속한 것이니 사랑하는 자마다 하나님께서 나신 자요 하나님을 아는 자니라 사랑하지 아니하는 자는 하나님을 알지 못하나니 이는 하나님은 사랑이시기 때문이라
사랑,우리가 아직 죄인 되었을 때에 그리스도께서 우리를 위하여 죽으심으로 하나님께서 우리에게 대한 자기 사랑을 확증하셨느니라
사랑,그런즉 믿음 소망 사랑 이 세 가지는 항상 있을 것인데 그 중에 제일은 사랑이라
사랑,예수께서 이르시되 네 마음을 다하고 목숨을 다하고 뜻을 다하여 주 너의 하나님을 사랑하라 이것이 크고 첫째 되는 계명이요 둘째는 네 이웃을 네 자신과 같이 사랑하라 하신 것이니
사랑,내가 너희에게 새 계명을 주노니 서로 사랑하라 내가 너희를 사랑한 것 같이 너희도 서로 사랑하라 이것으로 모든 사람이 너희가 내 제자인 줄 알리라
사랑,그리스도를 사랑하신 것 같이 사랑 안에서 행하되 그리스도께서 우리를 사랑하시고 우리를 위하여 자신을 하나님께 드리시어 향기로운 제물과 희생이 되게 하셨느니라
사랑,너희 모든 일을 사랑으로 행하라
사랑,우리가 사랑함은 그가 먼저 우리를 사랑하셨음이라
사랑,사람의 친구를 위하여 자기 목숨을 버리면 이보다 더 큰 사랑이 없나니
사랑,온 율법은 네 이웃을 네 자신과 같이 사랑하라 하신 한 말씀에 이루어졌느니라
사랑,그러나 나는 너희에게 이르노니 너희 원수를 사랑하며 너희를 박해하는 자를 위하여 기도하라
사랑,사랑은 이웃에게 악을 행하지 아니하나니 그러므로 사랑은 율법의 완성이니라
사랑,우리가 사랑을 알고 그를 위하여 목숨을 버리니 이로써 우리가 사랑을 알게 되었느니라
사랑,무엇보다도 뜨겁게 서로 사랑할지니 사랑은 허다한 죄를 덮느니라
사랑,우리가 알고 믿는 바는 하나님이 우리를 사랑하신 것이라 하나님은 사랑이시라
사랑,형제 사랑이 계속되게 하라
사랑,그리스도의 사랑이 우리를 강권하시는도다 우리가 생각하기를 하나님의 아들이 모든 사람을 위하여 죽으셨으니 그들이 이제는 자기 자신을 위해 살지 않고 자기 대신 죽으시고 다시 사신 이를 위해 살게 되었느니라
사랑,높음이나 깊음이나 다른 어떤 피조물도 우리를 우리 주 그리스도 예수 안에 있는 하나님의 사랑에서 끊을 수 없느니라
사랑,사랑은 언제까지든지 떨어지지 아니하나 예언은 폐하고 방언도 그치고 지식도 폐할 것이니라
사랑,보라 아버지께서 어떠한 사랑을 우리에게 주사 하나님의 자녀라 일컬음을 받게 하셨는가 그러므로 세상이 우리를 알지 못하는 것은 그를 알지 못하기 때문이라
사랑,여호와께 감사하라 그는 선하시며 그 인자하심이 영원함이로다
사랑,네 마음을 다하고 목숨을 다하고 뜻을 다하여 주 너의 하나님을 사랑하라 이는 첫째 되는 계명이요 둘째는 네 이웃을 네 자신과 같이 사랑하라 하신 것이니 이 두 계명이 온 율법과 선지자의 강령이니라
사랑,내가 예언하는 능력도 있고 모든 비밀을 알고 모든 지식이 있다고 해도 사랑이 없으면 나는 아무것도 아니요
사랑,나의 계명을 가지고 지키는 자가 나를 사랑하는 자니 나를 사랑하는 자는 내 아버지께 사랑을 받게 될 것이요 나도 그를 사랑하고 그에게 나를 나타내리라
사랑,너희 중에 큰 자는 너희를 섬기는 자가 되어야 하리라 누구든지 자기를 높이는 자는 낮아지고 자기를 낮추는 자는 높아지리라
사랑,사랑에는 거짓이 없나니 악을 미워하고 선에 속하라
사랑,모든 겸손과 온유로 오래 참음으로 사랑 가운데서 서로 용납하라
사랑,주의 인자하심이 생명보다 낫고 내 입술이 주를 찬양하리이다
사랑,그 때에 베드로가 예수께 나아가 이르되 주여 형제가 내게 죄를 범하면 몇 번이나 용서해야 하리이까 일곱 번까지 하리이까 예수께서 이르시되 내가 너에게 이르노니 일곱 번뿐 아니라 일흔 번을 일곱 번까지라도 할지니라
사랑,순수함과 지식과 오래 참음과 친절과 성령과 거짓이 없는 사랑으로
사랑,사랑은 여기 있으니 우리가 하나님을 사랑한 것이 아니라 하나님이 우리를 사랑하시고 우리의 죄를 속하기 위하여 그 아들을 보내셨음이라
사랑,유월절 전에 예수께서 자기의 때가 이르렀음을 아시고 세상에 있는 자기 사람들을 끝까지 사랑하시되
사랑,그러나 만일 누구든지 하나님을 사랑하면 그 사람은 하나님께로부터 알음을 받았느니라
사랑,그러므로 무엇이든지 남에게 대접을 받고자 하는 대로 너희도 남을 대접하라 이것이 율법과 선지자들의 가르침이니라
사랑,우리가 서로 돌아보아 사랑과 선한 일을 격려하며
사랑,무리가 그에게 고통을 당하고 수고하며 기진한 양처럼 목자 없는 양을 보듯 하시고
사랑,자녀들아 우리가 말과 혀로만 사랑하지 말고 행함과 진실함으로 사랑하자
사랑,기록된 바 눈이 보지 못하고 귀가 듣지 못하고 사람의 마음에 생각지 못한 것을 하나님이 자기를 사랑하는 자들에게 예비하셨다 하였으니
사랑,아버지께서 나를 사랑하신 것 같이 나도 너희를 사랑하였으니 내 사랑 안에 거하라
사랑,살인하지 말라 간음하지 말라 도적질하지 말라 거짓 증거하지 말라 네 이웃을 사랑하라 하신 계명이 다 사랑 안에 포함되어 있느니라
사랑,사랑하는 자들아 하나님이 이같이 우리를 사랑하셨은즉 우리도 서로 사랑하는 것이 마땅하도다
사랑,남편들아 아내를 사랑하되 그리스도께서 교회를 사랑하시고 교회를 위하여 자신을 주심 같이 하라
사랑,사랑은 오래 참고 사랑은 온유하며 시기하지 아니하며 사랑은 자랑하지 아니하며 교만하지 아니하며
사랑,왕이 대답하여 이르시되 내가 진실로 너희에게 이르노니 너희가 여기 내 형제 중 지극히 작은 자 하나에게 한 것이 곧 내게 한 것이니라
사랑,내가 사람의 방언과 천사의 말을 할지라도 사랑이 없으면 나는 울리는 구리나 울리는 꽹과리가 되고
사랑,그러나 나는 너희에게 이르노니 너희 원수를 사랑하며 너희를 박해하는 자를 위해 기도하라 그리하면 너희가 하늘에 계신 너희 아버지의 아들이 되리니
사랑,산들이 떠나고 언덕들이 흔들려도 내 인자는 너를 떠나지 아니하며 내 평화의 언약은 흔들리지 아니하리라 여호와께서 말씀하셨느니라
사랑,사랑은 모든 것을 견디며 모든 것을 믿으며 모든 것을 바라며 모든 것을 참고
사랑,아버지께서 너희를 사랑하신 것은 내가 너희에게 이 말을 하였기 때문이라
사랑,둘째는 네 이웃을 네 자신과 같이 사랑하라 하신 것이니
사랑,누가 우리를 그리스도의 사랑에서 끊으리요 환난이나 궁핍이나 위험이나 칼이나 죽음이나 피빡이나 전쟁이나 핍박이나
사랑,이것이 나의 계명이니 내가 너희를 사랑한 것 같이 너희도 서로 사랑하라
사랑,순결과 지식과 오래 참음과 친절과 성령과 사랑의 진실로
사랑,형제 사랑이 계속되게 하라
사랑,평화를 만드는 자는 복이 있나니 그들이 하나님의 아들이라 일컬음을 받을 것임이라
사랑,사랑하는 자들아 우리가 서로 사랑하자 사랑은 하나님께 속한 것이니
사랑,너희 모든 일을 사랑으로 행하라
사랑,여호와께 감사하라 그는 선하시며 그 인자하심이 영원함이로다
사랑,내가 너희에게 새 계명을 주노니 서로 사랑하라
사랑,네 마음을 다하고 목숨을 다하고 뜻을 다하여 주 너의 하나님을 사랑하라
사랑,우리가 아직 죄인 되었을 때에 그리스도께서 우리를 위하여 죽으심으로 하나님께서 우리에게 대한 자기 사랑을 확증하셨느니라
사랑,사랑은 오래 참고 사랑은 온유하며 시기하지 아니하며
사랑,사람의 친구를 위하여 자기 목숨을 버리면 이보다 더 큰 사랑이 없나니
사랑,온 율법은 네 이웃을 네 자신과 같이 사랑하라 하신 한 말씀에 이루어졌느니라
사랑,그러나 나는 너희에게 이르노니 너희 원수를 사랑하며 너희를 박해하는 자를 위하여 기도하라
사랑,사랑은 이웃에게 악을 행하지 아니하나니 그러므로 사랑은 율법의 완성이니라
사랑,우리가 사랑을 알고 그를 위하여 목숨을 버리니 이로써 우리가 사랑을 알게 되었느니라
사랑,무엇보다도 뜨겁게 서로 사랑할지니 사랑은 허다한 죄를 덮느니라
사랑,우리가 알고 믿는 바는 하나님이 우리를 사랑하신 것이라 하나님은 사랑이시라
사랑,형제 사랑이 계속되게 하라
사랑,그리스도의 사랑이 우리를 강권하시는도다
사랑,높음이나 깊음이나 다른 어떤 피조물도 우리를 우리 주 그리스도 예수 안에 있는 하나님의 사랑에서 끊을 수 없느니라
사랑,너희 모든 일을 사랑으로 행하라
사랑,사랑은 여기 있으니 우리가 하나님을 사랑한 것이 아니라 하나님이 우리를 사랑하시고 우리의 죄를 속하기 위하여 그 아들을 보내셨음이라
사랑,유월절 전에 예수께서 자기의 때가 이르렀음을 아시고 세상에 있는 자기 사람들을 끝까지 사랑하시되
사랑,그러나 만일 누구든지 하나님을 사랑하면 그 사람은 하나님께로부터 알음을 받았느니라
사랑,그러므로 무엇이든지 남에게 대접을 받고자 하는 대로 너희도 남을 대접하라
사랑,우리가 서로 돌아보아 사랑과 선한 일을 격려하며
사랑,무리가 그에게 고통을 당하고 수고하며 기진한 양처럼 목자 없는 양을 보듯 하시고
사랑,자녀들아 우리가 말과 혀로만 사랑하지 말고 행함과 진실함으로 사랑하자
사랑,기록된 바 눈이 보지 못하고 귀가 듣지 못하고 사람의 마음에 생각지 못한 것을 하나님이 자기를 사랑하는 자들에게 예비하셨다
사랑,아버지께서 나를 사랑하신 것 같이 나도 너희를 사랑하였으니 내 사랑 안에 거하라
사랑,살인하지 말라 간음하지 말라 도적질하지 말라 거짓 증거하지 말라 네 이웃을 사랑하라 하신 계명이 다 사랑 안에 포함되어 있느니라
사랑,사랑하는 자들아 하나님이 이같이 우리를 사랑하셨은즉 우리도 서로 사랑하는 것이 마땅하도다
사랑,남편들아 아내를 사랑하되 그리스도께서 교회를 사랑하시고 교회를 위하여 자신을 주심 같이 하라
사랑,내가 사람의 방언과 천사의 말을 할지라도 사랑이 없으면 나는 울리는 구리나 울리는 꽹과리가 되고
사랑,왕이 대답하여 이르시되 내가 진실로 너희에게 이르노니 너희가 여기 내 형제 중 지극히 작은 자 하나에게 한 것이 곧 내게 한 것이니라
사랑,사랑은 모든 것을 견디며 모든 것을 믿으며 모든 것을 바라며 모든 것을 참고
사랑,아버지께서 너희를 사랑하신 것은 내가 너희에게 이 말을 하였기 때문이라
사랑,둘째는 네 이웃을 네 자신과 같이 사랑하라 하신 것이니
사랑,누가 우리를 그리스도의 사랑에서 끊으리요 환난이나 궁핍이나 위험이나 칼이나 죽음이나 피빡이나 전쟁이나 핍박이나
사랑,이것이 나의 계명이니 내가 너희를 사랑한 것 같이 너희도 서로 사랑하라
사랑,순결과 지식과 오래 참음과 친절과 성령과 사랑의 진실로
사랑,형제 사랑이 계속되게 하라
사랑,평화를 만드는 자는 복이 있나니 그들이 하나님의 아들이라 일컬음을 받을 것임이라
사랑,사랑하는 자들아 우리가 서로 사랑하자 사랑은 하나님께 속한 것이니
사랑,너희 모든 일을 사랑으로 행하라
사랑,여호와께 감사하라 그는 선하시며 그 인자하심이 영원함이로다
소망,소망의 하나님이 모든 기쁨과 평강을 믿음 안에서 너희에게 넘치게 하시고 성령의 능력으로 소망이 넘치게 하시기를 원하노라
소망,우리가 이 소망을 가지고 영혼의 닻처럼 굳게 잡고 흔들리지 않게 되기를 원하노라 이는 우리에게 하나님 앞에서 확실한 소망을 주시기 때문이라
소망,소망은 부끄러움을 당하지 않게 하느니 이는 우리에게 주신 성령으로 말미암아 하나님의 사랑이 우리 마음에 부음이 되었기 때문이라
소망,여호와의 말씀이니라 내가 너희를 향한 계획을 내가 안다 그것은 재앙이 아니라 평안이요 너희에게 미래와 소망을 주려는 계획이니라
소망,내 영혼아 네가 어찌하여 낙심하며 어찌하여 내 속에서 불안해하는가 하나님을 바라라 내가 그를 다시 찬송하리니 그는 내 얼굴빛이요 내 하나님이시로다
소망,내가 여호와를 기다리며 내 영혼이 그의 말씀을 기다리며 내가 소망을 두고 기다리며
소망,우리가 소망을 두고 구원을 얻었으니 보이는 소망은 소망이 아니니라 사람이 보이는 것을 어찌 바라리요 만일 우리가 보지 못하는 것을 바라면 참으며 기다려야 할지니라
소망,그런즉 믿음 소망 사랑 이 세 가지는 항상 있을 것인데 그 중에 제일은 사랑이라
소망,주 여호와여 나는 어렸을 때부터 너를 소망하였고 내 출생 때부터 너를 의지하였사오니 내가 자라나면서부터 줄곧 너를 의지하였나이다
소망,우리 구주 하나님과 우리의 소망인 그리스도 예수의 명에 의하여 나는 사도 된 자라
소망,우리 주 예수 그리스도의 하나님과 아버지께 찬송을 드리며 그가 그의 큰 긍휼을 따라 예수 그리스도를 죽은 자 가운데서 다시 살리심으로 우리에게 산 소망을 주셨으니
소망,오직 여호와를 바라는 자는 새 힘을 얻으리니 독수리가 날개치며 올라감 같을 것이요 달려가도 피곤하지 아니하고 걸어가도 곤비하지 아니하리로다
소망,너희 마음의 눈을 밝히사 그의 부르심의 소망이 무엇이며 성도 안에서 그가 기업으로 삼으신 영광의 풍성함이 무엇을 알게 하시기를 구하노라
소망,그러므로 내 마음이 기쁘고 내 영혼이 즐거워하며 내 육체도 안전히 거하리니
소망,나의 간절한 기대와 소망은 아무 일에든지 부끄럽지 않게 하고 온전히 담대히 그리스도가 나의 몸에서 이제와 같이 존귀하게 되게 하는 것이라
소망,우리의 잠시 받는 가벼운 환난이 지극히 크고 영원한 영광을 우리에게 이루게 함이니
소망,우리는 성령 안에서 의의 소망을 기다리노니
소망,너희 중에 여호와를 두려워하며 그의 종의 말을 듣는 자가 누구냐 흑암 중에서 걷는 자는 누구냐 여호와의 이름을 의지하고 자기 하나님을 의지하는 자는 누구냐
소망,우리가 믿는 도리의 소망을 흔들리지 말고 고백하자 이는 약속하신 이가 믿실 것이기 때문이라
소망,우리의 시민권은 하늘에 있는지라 거기로부터 구원하는 자 곧 주 예수 그리스도를 기다리노니
소망,내 영혼이 주의 구원을 소망하나이다 내가 주의 말씀을 기다리나이다
소망,복되며 나타날 큰 하나님과 구주 예수 그리스도의 영광을 기다리며
소망,이는 소망을 따라 밭을 갈며 밭을 갈고 포도를 따는 자가 그 열매를 먹을 수 있는 것처럼
소망,오 내 영혼아 잠잠히 하나님만 바라라 내 소망이 그에게서 나는도다
소망,무엇이든지 전에 기록된 바는 우리의 교훈을 위하여 기록된 것이니 이는 성경을 통하여 인내와 소망을 가지게 하려 함이라
소망,너희는 여호와를 찾을 때 찾을 수 있도록 그를 부르라 가까이 계실 때 그를 부르라 불의한 자는 그의 길을 악한 자는 그의 생각을 버리고 여호와께로 돌아오라
소망,이스라엘아 여호와를 바랄지어다 여호와께는 인자하심이 있으며 풍성한 속죄가 있음이로다 그가 이스라엘을 그 모든 죄악에서 속량하시리로다
소망,사랑하는 자들아 이제 우리가 하나님의 자녀라 불리우는 것이 무엇인지 알지 못하나 그가 나타나시면 우리는 그와 같이 될 것을 아느니 이는 그를 볼 것이기 때문이라
소망,현재의 고난은 장차 우리에게 나타날 영광과 비교할 수 없도다
소망,이제 후로는 나를 위하여 의의 멸류관이 예비되어 있으니 주께서 의로우신 재판장이 그 날에 내게 주실 것이요 나뿐 아니라 주의 나타나심을 사모하는 모든 자에게 주실 것이라
소망,여호와의 눈은 그를 경외하는 자 곧 그의 인자하심을 바라는 자에게 임하나니 그들의 영혼을 사망에서 건지시며 기근에서 살리시리로다
소망,너희를 위하여 하늘에 예비된 소망을 바라며 그 소망을 너희에게 말한 바 진리의 말씀 곧 복음이 너희에게 이르렀으니
소망,내 영혼아 네가 어찌하여 낙심하며 어찌하여 내 속에서 불안해하는가 하나님을 바라라 내가 그를 다시 찬송하리니 그는 내 얼굴빛이요 내 하나님이시로다
소망,나는 항상 소망을 품고 더욱 주를 찬송하리이다
소망,그가 우리를 이 큰 죽음에서 건지셨고 또 건지실 것이며 우리가 그에게 소망을 두고 그가 다시 건지시기를 기다리느니라
소망,그 날에 사람들이 말하기를 보라 이는 우리의 하나님이라 우리가 기다렸던 그 하나님이라 그가 우리를 구원하셨도다
소망,그러므로 너희 마음의 허리를 동이고 근신하여 예수 그리스도의 나타나실 때에 너희에게 가져다줄 은혜를 온전히 소망하라
소망,이는 소망을 따라 밭을 갈며 밭을 갈고 포도를 따는 자가 그 열매를 먹을 수 있는 것처럼
소망,하나님이 두 가지 변하지 아니할 사실을 의지하여 그가 맹세하신 바를 성취하시리니 그 안에서 우리는 강한 위로를 얻고 우리의 소망이 확고하고 흔들리지 않게 하려 함이라
소망,젊은 사자들은 궁핍하고 주림을 당할지라도 여호와를 찾는 자는 모든 좋은 것을 부족함이 없으리로다
소망,소망 중에 즐거워하며 환난 중에 참으며 기도에 항상 힘쓰며
소망,주는 나의 피난처시요 나의 방패시라 내가 주의 말씀을 소망하나이다
소망,만일 그리스도 안에서 우리가 바라는 것이 다만 이 세상에 있는 것뿐이면 모든 사람 가운데 우리가 더욱 불쌍한 자일니라
소망,내가 이것을 확신하므로 그가 능히 내게 맡기신 것을 그 날까지 지키실 줄을 내가 아노라
소망,그러므로 너희 담대함을 버리지 말라 이 담대함이 큰 상을 얻게 하리라 너희가 하나님의 뜻을 행한 후에 약속을 받기 위하여 인내가 필요하니라
소망,우리가 선을 행하되 낙심하지 말지니 포기하지 않으면 때가 이르러 거두리라
소망,우리가 만일 그와 함께 죽었으면 그와 함께 살리라
소망,이스라엘아 여호와를 바랄지어다 여호와께는 인자하심이 있으며 풍성한 속죄가 있음이로다 그가 이스라엘을 그 모든 죄악에서 속량하시리로다
소망,우리가 소망하는 것을 아직 보지 못하면 인내로 기다릴지니라
소망,그러므로 우리는 낙심하지 아니하노니 우리의 겉사람은 후패하나 속사람은 날마다 새로워지고 잠시 받는 환난이 우리가 받게 될 영원한 영광과 비교할 수 없도다
소망,그가 모든 눈물을 그들의 눈에서 씻기시며 다시는 사망이 없고 애통하거나 울거나 아픈 일이 다시는 없으리니 처음 것들이 다 지나갔음이라
소망,그러므로 내 사랑하는 형제들아 굳건하게 서서 흔들리지 말고 주의 일을 더욱 힘써 알게 하라
소망,여호와를 바라는 자는 부끄러움을 당하지 않으리니 그들이 진리로 인도됨을 받기 때문이라
소망,주를 기다리는 자가 없으므로 주께서 이 땅에서 아무도 찾지 않으셨나이다
소망,그러나 모든 은혜의 하나님 곧 너희를 그리스도 예수 안에서 부르사 영원한 영광에 이르게 하시는 그가 잠깐의 고난 후에 너희를 온전하게 하시며 굳건하게 하시며 강하게 하시며 털어 버리시리라
소망,우리는 소망 중에 구원을 얻었으니 보이는 것은 소망이 아니니라 사람이 보이는 것을 어찌 바라리요 만일 우리가 보지 못하는 것을 바라면 참으며 기다려야 할지니라
소망,그의 이 소망을 가진 자마다 그를 깨끗하게 하여 그와 같이 깨끗하게 되리라
소망,피곤한 자에게는 능력을 주시며 무력한 자에게는 힘을 더하시나니
소망,여호와는 나의 목자시니 내가 부족함이 없으리로다 그가 나를 푸른 초장에 누이시며 쉴 만한 물가로 인도하시도다
소망,구하라 그러면 너희에게 주실 것이요 찾으라 그러면 찾아낼 것이며 문을 두드리라 그러면 너희에게 열릴 것이라
소망,너희 중에 여호와를 두려워하며 그의 종의 말을 듣는 자가 누구냐 흑암 중에서 걷는 자는 누구냐 여호와의 이름을 의지하고 자기 하나님을 의지하는 자는 누구냐
소망,여호와를 기뻐하라 그가 네 마음의 소원을 이루어 주시리로다
소망,주께서 마음이 견고한 자를 평강으로 지키시리니 그가 주를 의뢰함이니이다
소망,그러나 그리스도는 하나님의 집을 맡은 자로서 우리는 그 집이라 만일 우리가 담대함과 소망의 확신을 끝까지 견고히 잡고 있다면
소망,주는 나의 피난처시요 나의 방패시라 내가 주의 말씀을 소망하나이다
소망,그 날에 사람들이 말하기를 보라 이는 우리의 하나님이라 우리가 기다렸던 그 하나님이라 그가 우리를 구원하셨도다
소망,무엇이든지 전에 기록된 바는 우리의 교훈을 위하여 기록된 것이니 이는 성경을 통하여 인내와 소망을 가지게 하려 함이라
소망,여호와여 내가 주를 기다리오니 주는 나의 하나님이시라
소망,내 영혼아 잠잠히 하나님만 바라라 내 소망이 그에게서 나는도다 그는 나의 반석이시요 나의 구원이라 내가 흔들리지 아니하리로다
소망,내가 선한 싸움을 싸우고 달려갈 길을 마치고 믿음을 지켰으니
소망,그의 이름을 의지하여 이방인들이 소망을 두리라
소망,우리 구주 하나님과 우리의 소망인 그리스도 예수의 명에 의하여 나는 사도 된 자라
소망,우리의 잠시 받는 가벼운 환난이 지극히 크고 영원한 영광을 우리에게 이루게 함이니
소망,너희는 여호와를 찾을 때 찾을 수 있도록 그를 부르라 가까이 계실 때 그를 부르라 불의한 자는 그의 길을 악한 자는 그의 생각을 버리고 여호와께로 돌아오라
소망,기록된 바 눈이 보지 못하고 귀가 듣지 못하고 사람의 마음에 생각지 못한 것을 하나님이 자기를 사랑하는 자들에게 예비하셨다
소망,가난한 자들의 억울한 일이 그들을 찾을 때 그들은 주를 찬송하리로다
소망,오직 여호와를 바라는 자는 새 힘을 얻으리니 독수리가 날개치며 올라감 같을 것이요 달려가도 피곤하지 아니하고 걸어가도 곤비하지 아니하리로다
소망,여호와여 주의 말씀을 주의 종에게 기억나게 하소서 이것이 나의 위로라 내가 고난 중에 있을 때에
소망,이뿐 아니라 우리 곧 성령의 첫 열매를 받은 우리까지도 속으로 탄식하며 자녀의 명부를 기다리고 있노니 소망을 따라 구원을 얻었으니 보이는 소망은 소망이 아니니라
소망,몸이 하나요 성령도 하나니 너희가 부르심을 따라 부르심의 소망이 하나라
소망,하늘이 땅보다 높은 같이 내 길은 너희 길보다 높으며 내 생각은 너희 생각보다 높으니라
소망,주께서 나의 생명의 길을 보이시리니 주의 앞에는 기쁨이 충만하고 주의 오른편에는 영원한 즐거움이 있나이다
소망,구하라 그리하면 너희에게 주실 것이요 찾으라 그리하면 찾아낼 것이며 문을 두드리라 그리하면 너희에게 열릴 것이니라
소망,여호와를 바라는 모든 너희 성도들아 여호와를 사랑하라 여호와는 진실된 자를 지키시며 교만한 자에게는 보응하시는 이시로다
소망,우리가 믿는 도리의 소망을 흔들리지 말고 고백하자 이는 약속하신 이가 믿실 것이기 때문이라
소망,여호와는 그를 경외하는 자 곧 그의 인자하심을 바라는 자에게 기뻐하시는도다
소망,우리가 믿지 아니할지라도 그는 믿으시나니 자기를 부인하실 수 없느니라
소망,그는 나의 반석이시요 나의 구원이라 내가 흔들리지 아니할 것이라 하나님은 나의 구원 나의 영광이시라 하나님은 나의 힘이시라
소망,내가 가서 너희를 위하여 처소를 예비하면 가서 너희에게 다시 와서 내가 있는 곳에 너희도 있게 하리라
소망,두 가지 변하지 아니할 사실을 의지하여 그가 맹세하신 바를 성취하시리니 그 안에서 우리는 강한 위로를 얻고 우리의 소망이 확고하고 흔들리지 않게 하려 함이라
소망,내 영혼아 어찌하여 낙심하며 어찌하여 내 속에서 불안해하는가 하나님을 바라라 내가 그를 다시 찬송하리니 그는 내 얼굴빛이요 내 하나님이시로다
소망,우리가 믿음으로 이 은혜에 들어갔으며 하나님의 영광을 바라는 소망을 가지고 기뻐하노라
소망,우리의 소망은 너희가 흔들림 없이 인내하며 우리의 고난에 동참하는 것을 보므로 너희도 우리가 받은 위로와 같은 위로를 받으리라
소망,야곱의 하나님을 자기 도움으로 삼고 여호와를 자기 하나님으로 삼은 자는 복이 있도다
소망,현재의 고난은 장차 우리에게 나타날 영광과 비교할 수 없도다
소망,여호와는 내 편이시라 내가 두려워하지 아니하리라 사람이 내게 어찌할 수 있으랴
소망,우리는 성령 안에서 의의 소망을 기다리노니
소망,그의 큰 긍휼을 따라 예수 그리스도를 죽은 자 가운데서 다시 살리심으로 우리에게 산 소망을 주셨고 썩지 아니하고 더러움이 없고 시들지 아니하는 기업을 하늘에 예비하셨으니
소망,가난한 자들의 억울한 일이 그들을 찾을 때 그들은 주를 찬송하리로다
소망,여호와를 신뢰하라 여호와는 영원한 반석이시라
평안,하나님의 평강이 모든 이해를 뛰어넘어 너희 마음과 생각을 지키시리라
평안,주께서 심지가 경고한 자에게 평안을 주시리니 이는 그가 주를 신뢰함이니이다
평안,여호와께서 자기 백성에게 힘을 주시며 여호와께서 자기 백성에게 평안을 주시리로다
평안,주의 법을 사랑하는 자에게는 큰 평안이 있으며 그들에게는 장애물이 없으리라
평안,우리가 믿음으로 의롭다 하심을 받았으므로 우리 주 예수 그리스도로 말미암아 하나님과 화평을 누리자
평안,공의의 열매는 평화로우며 의의 결과는 영원한 평안과 안전이라
평안,내가 평안히 눕고 자기도 하리니 오직 주께서 나를 안전하게 살게 하심이로다
평안,예수께서 일어나사 바람을 꾸짖으시며 바다에게 이르시되 잠잠하라 고요하라 하시니 바람이 그치고 매우 잔잔하게 되니라
평안,그가 우리의 평화이신지라 둘로 하나를 만드시고 원수 된 것을 그 몸으로 멸하시고
평안,그가 네 경계를 평안하게 하시고 네 배에 최고의 밀을 채우시리로다
평안,형제들아 기뻐하라 온전하게 되고 위로를 받고 같은 마음을 품고 평안할지어다 사랑과 평화의 하나님이 너희와 함께 계시리라
평안,내가 입을 열어 평안을 선포하며 먼 나라와 가까운 나라에 이를 전하리니 여호와의 말씀이니라
평안,의가 그 날에 꽃같이 피며 평안이 풍성하여 달과 같이 오래가리로다
평안,너희가 내게 배운 것과 받고 듣고 본 것을 행하라 그리하면 평강의 하나님이 너희와 함께 계시리라
평안,산들이 떠나며 언덕들이 이동할지라도 나의 인자하심은 네게 떠나지 아니하며 나의 평화의 언약은 이동하지 아니하리라 여호와께서 말하셨느니라
평안,그가 나를 푸른 풀밭에 누이시며 잔잔한 물가로 인도하시는도다
평안,육신의 생각은 사망이요 영의 생각은 생명과 평안이니라
평안,너희가 어느 집에 들어가면 먼저 말하기를 이 집에 평안이 있을지어다 하고
평안,모든 사람과 더불어 화평을 추구하며 거룩함을 따르라 이것이 없으면 아무도 주를 보지 못하리라
평안,너희가 기쁨으로 나가며 평안히 인도함을 받으리니 산과 언덕이 너희 앞에서 노래를 부르고 들의 모든 나무가 손뼉을 치리라
평안,평안을 지키는 자는 복이 있으며 그들의 길을 지키는 자는 행복하리로다
평안,수고하고 무거운 짐 진 자들아 다 내게 오라 내가 너희를 쉬게 하리라
평안,주의 법을 사랑하는 자에게는 큰 평안이 있으며 그들에게는 장애물이 없으리라
평안,악한 자의 마음에는 속임수가 있으나 평안을 만드는 자에게는 기쁨이 있다
평안,내가 이것을 너희에게 이른 이유는 너희가 나를 믿고 평안을 얻게 하려 함이라 세상에서는 너희가 환난을 당하나 담대하라 내가 세상을 이겼노라
평안,이는 한 아기가 우리에게 태어났고 한 아들이 우리에게 주어졌으며 그의 어깨에 정사가 있으며 그의 이름은 기묘자 모사 전능하신 하나님 영존하시는 아버지 평강의 왕이라 불리리라
평안,나는 여호와 하나님께서 내게 말씀하시기를 내 백성에게 평안을 주리라 하시는 소리를 듣기를 원하노라
평안,하나님은 무질서의 하나님이 아니시요 오직 평화의 하나님이시라 모든 교회에서 성도들에게 이렇게 하라고 명령하셨느니라
평안,나는 너를 위로하는 여호와라 네가 두려워할 자 누구냐 사람이 죽을 자이고 인생은 풀과 같으니라
평안,오늘은 여호와가 정하신 날이니 우리는 기뻐하고 즐거워할지어다
평안,너희가 회개하고 조용히 있으면 구원을 얻을 것이며 너희가 평안을 이루고 신뢰하면 능력을 얻을 것이다
평안,악을 버리고 선을 행하며 평화를 추구하고 따르라
평안,소금은 좋은 것이거니와 만일 소금이 그 맛을 잃으면 무엇으로 짜게 하리요 너희 속에 소금이 있고 서로 화평하라
평안,예루살렘을 위하여 평안을 구하라 예루살렘을 사랑하는 자들에게 평안이 있을지어다
평안,할 수 있거든 모든 사람과 더불어 평화롭게 지내라
평안,그가 나를 구속하여 평안히 살게 하셨으니 나를 둘러싼 많은 사람들 중에서 내게 평안이 넘치리로다
평안,내가 네게 물가로 지나갈 때에 너를 보호하며 불 속을 지날 때에도 너를 태우지 아니하리라 고통 속에서도 내가 너와 함께하리라
평안,예수께서 여자에게 이르시되 네 믿음이 너를 구원하였으니 평안히 가라
평안,아무것도 염려하지 말고 오직 모든 일에 기도와 간구로 너희 구할 것을 감사함으로 하나님께 아뢰라
평안,소망의 하나님이 모든 기쁨과 평강을 믿음 안에서 너희에게 넘치게 하시기를 원하노라
평안,주께서 내게 생명의 길을 보이시리니 주의 면전에는 풍성한 기쁨이 있고 주의 우편에는 영원한 즐거움이 있나이다
평안,예수께서 또 이르시되 너희에게 평안이 있을지어다 아버지께서 나를 보내신 것 같이 나도 너희를 보내노라
평안,여호와여 주께서 우리에게 평강을 주셨습니다 모든 일은 주의 손으로 이루어졌습니다
평안,나의 평안이 주의 은혜로 충만하며 내 평생 동안 선하심과 인자하심이 나를 따르리로다
평안,평강의 하나님이 우리 주 예수 그리스도를 죽은 자들 가운데서 다시 살리셨으니
평안,평안의 복음이 준비된 것으로 신을 신고
평안,평화를 이루는 자는 복이 있나니 그들이 하나님의 아들이라 일컬음을 받으리라
평안,네가 내 명령을 듣기만 했더라면 네 평강이 강물 같이 흘렀으며 네 의가 바다 물결 같이 되었을 것이다
평안,주의 법을 사랑하는 자에게는 큰 평안이 있으며 그들에게는 장애물이 없으리라
평안,주께서 자기를 경외하는 자들에게 예비하신 좋으신 일이 얼마나 많은지 알 수 없다
평안,두려워하지 말라 내가 너와 함께 함이니라 놀라지 말라 나는 네 하나님이라 내가 너를 굳세게 하리라
평안,하나님은 이스라엘에게 선하시고 마음이 정직한 자들에게 선하시다
평안,너희는 가만히 있어 내가 하나님 됨을 알지어다
평안,사람들이 크게 놀라며 이르되 그가 모든 일을 잘 하셨다
평안,그러므로 우리가 평화를 추구하고 서로 세우는 일을 하자
평안,그런 후에 교회가 유대와 갈릴리와 사마리아에서 평안히 성장하며
평안,내 나라에 더 이상 학대나 폭력이 없을 것이며 평화가 그곳을 지배할 것이다
평안,하나님의 나라는 먹는 것과 마시는 것이 아니라 의와 평안과 기쁨이 성령 안에 있는 것이다
평안,여호와는 나의 힘과 나의 방패시며 내 마음이 그를 의지하고 그를 찬송하리로다
평안,너희 하나님이 말씀하시되 너희는 위로하라 내 백성을 위로하라
평안,그러므로 내가 너희에게 이르노니 무엇을 먹을까 무엇을 마실까 무엇을 입을까 걱정하지 말라
평안,내가 이것을 너희에게 이른 이유는 너희가 나를 믿고 평안을 얻게 하려 함이라
평안,아름다운 소식을 전하는 자들의 발이 산 위에 있도다
평안,그들이 대답하되 주 예수를 믿으라 그리하면 너와 네 집이 구원을 얻으리라
평안,온전하게 되어 평안히 살라 악인들은 끊어질 것이나 의인은 끝까지 남으리로다
평안,하나님은 이스라엘 자손들에게 평화를 전파하셨고 그리스도를 통해 구원의 복음을 주셨다
평안,내가 고난을 당할 때에 너를 부르리니 너는 내게 대답하고 너를 구원하리라
평안,주께서 나를 안전하게 구하셨고 나의 발을 넓게 하셨다
평안,여호와는 나의 빛이요 구원이시니 내가 누구를 두려워하리요
평안,여호와여 주께서 자기를 경외하는 자들에게 예비하신 선하심이 얼마나 많은지요
평안,내 영혼아 여호와를 송축하며 그 모든 은혜를 기억하라
평안,우리는 마음을 깨끗하게 하여 온전한 믿음을 가지며 하나님께 나아가자
평안,여호와는 모든 자에게 선하시며 그가 하시는 일이 자비로우니라
평안,형제들아 기뻐하라 온전하게 되고 위로를 받고 같은 마음을 품고 평안할지어다
평안,너희는 마음에 근심하지 말고 하나님을 믿으니 또 나를 믿으라
평안,내가 두려워할 때에 주를 의지하리이다
평안,보라 하나님은 나의 구원이시라 나는 믿고 두려워하지 않으리라
평안,하나님을 사랑하는 자 곧 그 뜻대로 부르심을 입은 자들에게는 모든 것이 합력하여 선을 이루리라
평안,내가 너희에게 주는 평안은 세상이 주는 것과 같지 않다
평안,의의 결과는 평안과 안전이라
평안,평화로써 하나님이 부르셨다면 그가 구속받은 것이다
평안,여호와를 의지하는 자는 시온산 같아서 흔들리지 아니하고 영원히 있도다
평안,성령이 하나 되게 하신 것을 힘써 지키라 평화의 띠로 묶어라
평안,하나님 아버지와 우리 주 예수 그리스도께서 너희에게 은혜와 평강을 주시기를 원하노라
평안,나는 여호와 하나님의 음성을 듣기를 원하노니
지혜,여호와는 지혜를 주시며 지식과 명철을 입에 두시느니라
지혜,지혜를 얻은 자와 명철을 얻은 자는 복이 있나니
지혜,너희 중에 누구든지 지혜가 부족하거든 모든 사람에게 후히 주시고 꾸짖지 아니하시는 하나님께 구하라
지혜,지혜가 가장 중요한 것이니 지혜를 얻고 명철을 얻으라
지혜,지혜를 얻는 것이 금을 얻는 것보다 낫고 명철을 얻는 것이 은을 얻는 것보다 낫다
지혜,여호와를 경외하는 것이 지혜의 근본이요 지극히 거룩한 자를 아는 것이 명철이니라
지혜,지혜는 그 사망에 비해 보호가 되며 재물도 지혜를 가지고 있으면 유익하니라
지혜,여호와를 경외하는 것이 지혜의 시작이니 그 계명을 지키는 자에게는 좋은 지혜와 명철이 있느니라
지혜,지혜는 진주보다 귀하니 원하는 모든 것을 그것으로 바꿀 수 없느니라
지혜,하나님이 그에게 지혜와 지식과 기쁨을 주시고 죄인은 노동하며 쌓은 것을 그에게 주게 하시리니 이는 하나님이 주신 선물이라
지혜,지혜가 네 마음에 들어가며 지식이 네 영혼을 즐겁게 하면
지혜,그러나 부르심을 입은 자들 곧 유대인과 헬라인에게 그리스도는 하나님의 능력이요 하나님의 지혜니라
지혜,너희는 하나님께로부터 나서 그리스도 예수 안에 있으며 그가 하나님께서 주신 지혜와 의로움과 거룩함과 구속이 되셨느니라
지혜,우리 주 예수 그리스도의 하나님 영광의 아버지께서 너희에게 지혜와 계시의 영을 주사 하나님을 알게 하시고
지혜,내 아들아 지혜와 명철을 지키라 그것들이 네 생명이 될 것이며 네 목에 장식이 될 것이다
지혜,지혜로운 자의 지혜는 그 길을 바로잡고 어리석은 자는 거짓말에 빠진다
지혜,교만은 다툼을 일으키고 지혜는 상담을 통해 평화를 이룬다
지혜,여호와의 율법은 완전하여 영혼을 소생시키며 여호와의 증거는 확실하여 우매한 자에게 지혜를 주느니라
지혜,지혜를 얻는 것이 네 영혼에 좋은 것이니 그것을 얻으면 결국 보상을 받으리라
지혜,그러므로 누구든지 내 말을 듣고 행하는 자는 그 집을 반석 위에 지은 지혜로운 사람 같으리니
지혜,지혜를 얻고 버리지 말며 명철을 얻고 지키라 그것이 네 생명이 되리라
지혜,나를 사랑하는 자는 나의 사랑을 받을 것이며 나를 간절히 찾는 자는 나를 만나리라
지혜,이런 지혜는 세상에서 인간의 지혜가 아니라 하나님의 지혜로 주어진 것이니라
지혜,훈계를 좋아하는 자는 지혜를 얻지만 책망을 싫어하는 자는 어리석은 자니라
지혜,철이 무디면 그 작업에 더 힘을 들여야 하듯이 지혜가 없으면 성공하기 어려운 법이다
지혜,교만이 오면 수치가 오고 겸손이 오면 지혜가 온다
지혜,여호와를 경외하는 것이 지혜의 교훈이요 겸손은 명철의 앞잡이가 되느니라
지혜,여호와의 영이 그 위에 머무시며 지혜와 총명의 영 모략과 능력의 영 지식과 여호와를 경외하는 영이 그에게 임하시리니
지혜,그러나 우리는 온전한 자들에게는 하나님의 지혜를 말하나니 그것은 이 세상의 지혜나 이 세상의 통치자들에게서 난 것이 아니요
지혜,다니엘이 대답하여 이르되 하나님은 지혜와 능력을 가지시며 시대와 때를 변하게 하시고 왕을 세우고 왕을 폐하시며
지혜,남방 여왕이 심판을 받을 때에 이 세대 사람들과 함께 일어나 이 세대를 정죄할 것이다 이는 그녀가 솔로몬의 지혜를 듣기 위해 땅끝까지 왔으나 여기에는 솔로몬보다 더 큰 이가 있느니라
지혜,지혜 있는 자는 듣고 학식을 더하며 명철한 자는 지혜를 얻을 것이니라
지혜,만군의 여호와는 지혜로우시며 그가 하신 일은 기이하며 지식을 풍성하게 하시며 그가 만드신 것에 대해 깊이 아시느니라
지혜,미련한 자에게는 죄를 지을 일이 즐겁지만 지혜로운 자에게는 지혜가 즐겁다
지혜,그러나 우리는 하나님의 지혜를 비밀히 말하였으니 이는 하나님이 만세 전에 우리에게 예정하신 지혜요 우리가 얻은 하나님의 비밀이라
지혜,의인의 입은 지혜를 말하며 그의 혀는 정의를 말하느니라
지혜,지혜를 얻는 자는 자기 영혼을 사랑하는 자요 명철을 지키는 자는 복을 얻을 자라
지혜,너는 내게 부르짖으라 내가 네게 응답하겠고 네가 알지 못하는 크고 은밀한 일을 네게 보이리라
지혜,내 입은 지혜를 말하며 내 마음은 명철을 묵상하리로다
지혜,누가 여호와의 영을 인도할 자가 누구냐 누가 그분의 모사가 되어 그분께 지혜를 가르칠 수 있겠느냐
지혜,너희는 하나님으로부터 나와 예수 그리스도 안에 있으며 그리스도는 하나님의 지혜가 되어 우리를 의롭다 하시고 구속하셨느니라
지혜,지혜를 얻는 것이 금을 얻는 것보다 낫고 명철을 얻는 것이 은을 얻는 것보다 낫다
지혜,여호와는 이렇게 말씀하시기를 지혜 있는 자는 그 지혜를 자랑하지 말며 강한 자는 그 강함을 자랑하지 말고 부자는 그 부유함을 자랑하지 말라
지혜,여호와를 경외하는 것이 지혜의 시작이요 그 계명을 지키는 자에게는 좋은 지혜와 명철이 있느니라
지혜,지혜자의 얼굴은 빛나고 그의 얼굴은 그를 두려워하는 자처럼 밝다
지혜,여호와는 지혜를 주시며 지식과 명철을 입에 두시느니라
지혜,그때 예수께서 대답하여 이르시되 하늘과 땅의 주인이신 아버지께서 이 일을 지혜로운 자와 슬기로운 자들에게 숨기시고 어린아이들에게 나타내셨음을 감사하나이다
지혜,여호와는 땅을 창조하시며 그것을 세우시며 그 지혜로 바다를 펴시고 그 분의 지식으로 하늘을 확장하셨느니라
지혜,여호와께서 말씀하시되 내 생각은 너희 생각과 다르며 내 길은 너희 길과 다르니라 하늘이 땅보다 높은 것 같이 내 길은 너희 길보다 높고 내 생각은 너희 생각보다 높으니라
지혜,지혜로운 자는 그 칭찬을 받지만 마음이 악한 자는 그의 부끄러움을 당하느니라
지혜,지혜는 제일이니 지혜를 얻고 명철을 얻으라
지혜,그 안에 생명이 있었으니 이 생명은 사람들의 빛이라
지혜,그때에 여호와께서 너희를 구원하시고 지혜와 지식의 풍성한 보물을 주시며 그분을 두려워하는 것이 너희의 보배가 되리라
지혜,내 아들아 지혜와 명철을 지키라 그것들이 네 생명이 될 것이며 네 목에 장식이 될 것이다
지혜,너는 알지 못하였느냐 너는 듣지 못하였느냐 여호와는 영원하신 하나님이시요 땅 끝까지 지으신 이시니
지혜,지혜가 네 마음에 들어가며 지식이 네 영혼을 즐겁게 하면
지혜,너희는 세상의 빛이라 산 위에 있는 성은 숨을 수 없느니라
지혜,여호와께서 나를 창조하시되 그의 사업의 처음에 내가 세움을 입었고 그의 옛적부터 내가 세움받았느니라
지혜,주의 계명들은 나의 원수보다 내게 더 지혜롭게 하고 내게 더 명철을 주시나이다
지혜,하나님께서 이 세상의 지혜를 미련하게 하셨으니 이는 사람들의 지혜로는 하나님을 알 수 없기 때문이라
지혜,그가 여호와를 경외하는 기쁨이 있으며 그에게는 지혜와 총명의 영이 임하시리라
지혜,진리의 말씀과 하나님의 능력으로 오른손과 왼손에서 의의 병기를 가지고
지혜,의인의 입은 지혜를 말하며 그의 혀는 정의를 말하느니라
지혜,만군의 여호와는 지혜로우시며 그가 하신 일은 기이하며 지식을 풍성하게 하시며 그가 만드신 것에 대해 깊이 아시느니라
지혜,교만이 오면 수치가 오고 겸손이 오면 지혜가 온다
지혜,지혜자의 얼굴은 빛나고 그의 얼굴은 그를 두려워하는 자처럼 밝다
지혜,여호와께서 말씀하시되 내 생각은 너희 생각과 다르며 내 길은 너희 길과 다르니라 하늘이 땅보다 높은 것 같이 내 길은 너희 길보다 높고 내 생각은 너희 생각보다 높으니라
지혜,지혜는 그 얻는 자에게 생명이 되며 그 얻은 자에게는 복이 있느니라
지혜,나를 찾는 자는 생명을 얻고 나를 지키는 자는 복을 받으리라
지혜,미련한 자에게는 죄를 지을 일이 즐겁지만 지혜로운 자에게는 지혜가 즐겁다
지혜,교만은 다툼을 일으키고 지혜는 상담을 통해 평화를 이룬다
지혜,지혜 있는 자에게는 더 많은 지혜를 주며 의로운 자에게는 지식을 주느니라
지혜,지혜로운 자의 지혜는 그 길을 바로잡고 어리석은 자는 거짓말에 빠진다
지혜,너는 내게 부르짖으라 내가 네게 응답하겠고 네가 알지 못하는 크고 은밀한 일을 네게 보이리라
지혜,지혜를 얻은 자는 여호와를 경외하며 그 길을 따르리라
지혜,여호와여 주께서 훈련하시고 주의 법으로 나를 가르치시니
지혜,그러나 부르심을 입은 자들 곧 유대인과 헬라인에게 그리스도는 하나님의 능력이요 하나님의 지혜니라
지혜,의인의 빛은 밝고 악인의 등불은 꺼지느니라
지혜,지혜는 금으로 살 수 없고 명철은 값으로 얻을 수 없다
지혜,우리의 자랑은 하나님 앞에서 우리의 양심의 증거를 따라 지혜와 순결함과 하나님의 은혜로 살아가는 것이다
지혜,여호와를 경외하는 것이 지혜의 시작이요 그 계명을 지키는 자에게는 좋은 지혜와 명철이 있느니라
지혜,여호와는 지혜를 주시며 지식과 명철을 입에 두시느니라
지혜,그러므로 누구든지 내 말을 듣고 행하는 자는 그 집을 반석 위에 지은 지혜로운 사람 같으리니
지혜,그러나 우리는 하나님의 지혜를 비밀히 말하였으니 이는 하나님이 만세 전에 우리에게 예정하신 지혜요 우리가 얻은 하나님의 비밀이라
지혜,그가 올바른 길을 걷게 하시며 의로운 자에게 지혜를 주시느니라
지혜,너희 중에 지혜와 총명이 있는 자가 누구냐 그가 선한 행실로 그의 지혜를 나타낼 것이요
지혜,그러므로 내가 이 백성에게 다시 한 번 놀라운 일을 행할 것이다 그들은 지혜를 잃고 지식이 결핍될 것이다
지혜,주의 법이 나의 지혜가 되어 나에게 명철을 주시며 내가 올바르게 행할 수 있도록 도와주셨나이다
지혜,지혜는 마음속에서 쉼을 얻으며 지혜가 있으면 명철이 함께 따라온다
지혜,남방 여왕이 심판을 받을 때에 이 세대 사람들과 함께 일어나 이 세대를 정죄할 것이다
감사,감사함으로 그의 문에 들어가며 찬송함으로 그의 궁정에 들어가라 그에게 감사하며 그의 이름을 송축하라
감사,범사에 감사하라 이는 그리스도 예수 안에서 너희를 향하신 하나님의 뜻이니라
감사,여호와께 감사하라 그는 선하시며 그 인자하심이 영원함이로다
감사,여호와께 감사하라 그는 선하시며 그 인자하심이 영원함이로다
감사,그리스도의 평강이 너희 마음을 주장하게 하라 너희는 평강을 위하여 부르심을 입은 자들이니 또한 감사하는 자가 되라
감사,항상 우리 주 예수 그리스도의 이름으로 하나님 아버지께 감사하며
감사,여호와께 감사하라 그는 선하시며 그 인자하심이 영원함이로다
감사,내가 전심으로 여호와께 감사하며 주의 모든 기적을 전하리이다
감사,나는 노래로 하나님의 이름을 찬송하고 감사함으로 그를 크게 높이리이다
감사,아무것도 염려하지 말고 오직 모든 일에 기도와 간구로 너희 구할 것을 감사함으로 하나님께 아뢰라
감사,감사함으로 그 앞에 나아가며 시와 찬송으로 그를 향하여 부르짖자
감사,여호와의 인자하심과 인생에게 베푸신 기이한 일을 인하여 그를 찬송하고 그에게 감사하라
감사,내가 주께 감사하오니 주께서 내게 응답하셨고 나의 구원이 되셨음이니이다
감사,기도를 계속하고 감사함으로 기도하라
감사,여호와는 나의 힘이시요 나의 방패시니 내 마음이 그를 의지하고 그를 도와 주시므로 내 마음이 기쁘고 내 노래로 그를 찬송하리로다
감사,내 영혼아 여호와를 송축하며 그의 모든 은택을 잊지 말지어다
감사,감사함으로 여호와께 노래하고 수금으로 우리 하나님을 찬양하라
감사,내가 너희를 위해 기도할 때마다 너희를 항상 기억하며 하나님께 감사하노라
감사,우리는 예수로 말미암아 항상 찬송의 제사를 하나님께 드리자 그 이름을 증거하는 입술의 열매를 드리자
감사,내가 구원의 하나님께 감사하는 제사를 드리며 여호와의 이름을 부르리로다
감사,여호와는 나의 힘이시며 나의 노래시며 나를 구원하셨다
감사,나는 너희를 기억할 때마다 항상 내 하나님께 감사하노라
감사,내가 여호와를 항상 송축하며 내 입술로 항상 그를 찬양하리로다
감사,여호와께 감사드리기 좋은 일이며 지존자에게 찬송하는 것이 마땅하니라
감사,감사로 하나님께 제사를 드리며 지극히 높으신 이에 맹세하고 소원을 갚으라
감사,여호와께 감사하라 그는 선하시며 그 인자하심이 영원함이로다
감사,내가 여호와께 무엇을 보답할까 그가 내게 베푸신 모든 은혜를 무엇으로 갚을까
감사,하늘의 하나님께 감사하라 그의 인자하심이 영원함이로다
감사,그럼으로 하나님께 감사드리며 그의 놀라운 선물에 감사하라
감사,내가 전심으로 여호와께 감사하며 주의 모든 기적을 전하리이다
감사,여호와께 성도들아 찬송하며 그의 거룩한 이름을 기억하라
감사,의인은 주의 이름을 찬송하고 정직한 자는 주의 얼굴 앞에 살리로다
감사,주의 기적이 산 위에 일어나며 바다의 깊은 곳까지 그를 찬송하리로다
감사,내가 여호와께 사랑을 고백하리니 여호와께서 내 간구를 들으셨기 때문이다
감사,내가 너희를 위하여 항상 하나님께 감사하노니 이는 그리스도 예수 안에서 너희에게 주신 하나님의 은혜로 인함이라
감사,그러므로 우리가 흔들리지 않는 나라를 받았으니 은혜를 가지고 그에 합당하게 하나님을 섬기자 하나님께서는 우리에게 감사하는 마음으로 경배할 것을 요구하신다
감사,여호와께 감사하라 그는 선하시며 그 인자하심이 영원함이로다
감사,주의 은혜로 내 마음이 기쁘고 내게 주신 구원의 기쁨을 감사하며 주의 이름을 찬양하리로다
감사,주의 인자하심이 생명보다 낫고 내 입술이 주를 찬송하리로다
감사,할렐루야 우리 하나님께 감사하라 그가 위대하시며 찬양할 가치가 있느니라
감사,우리 하나님 여호와여 우리를 구원하사 이방 나라들 중에서 모으시며 우리가 주의 이름을 감사하며 찬송하게 하소서
감사,내가 구원의 잔을 들고 여호와의 이름을 부르리로다
감사,내가 전심으로 여호와께 감사하며 주께 찬송을 부르리이다
감사,우리 하나님 아버지께 감사하라 그는 우리를 빛의 나라로 옮기셨으니
감사,모든 것이 너희를 위함이니 그 은혜가 더 많이 넘쳐 많은 사람들이 감사하므로 하나님께 영광을 돌리게 하려 함이라
감사,여호와여 주께서 은밀한 곳에서 나를 보호하시고 사람들의 입술에서 나를 감추시며 주의 놀라운 사랑으로 나를 감싸주셨음을 감사하나이다
감사,내가 감사하는 제사를 여호와께 드리며 여호와의 이름을 부르리로다
감사,여호와 이스라엘의 하나님께서 영원히 찬양을 받으시기를 원하노라 모든 백성이 말하리로다 아멘 할렐루야
감사,그 날에 너희가 말하기를 여호와께 감사하라 그의 이름을 부르며 그의 행사를 만민 중에 알리며 그의 이름을 높이라
감사,수금과 비파로 그에게 감사하고 현악기로 그에게 찬양하라
감사,그 안에 뿌리를 내리고 세움을 받아 그가 가르친 대로 믿음에 굳게 서서 감사하는 자가 되라
감사,여호와께서 나의 능력과 구원의 반석이시니 내가 그를 찬양하리로다
감사,내가 전심으로 주께 감사하며 영원히 주의 이름을 송축하리로다
감사,우리가 주께 감사하며 주의 이름을 찬양하나이다 주의 기이한 일들이 나타났기 때문이라
감사,그는 구름으로 하늘을 덮고 땅을 위하여 비를 내리시며 산에 풀을 자라게 하시며
감사,너희 중에서 아무도 추잡한 말이나 어리석은 농담이나 희롱을 하지 말라 오히려 감사의 말을 하라
감사,나는 노래로 하나님의 이름을 찬송하고 감사함으로 그를 크게 높이리이다
감사,그들이 하나님을 믿고 그의 기적을 찬송하며 그들의 구속자이신 하나님께 감사하리라
감사,나는 죽지 않고 살아서 여호와의 일을 선포하리로다
감사,우리 주 예수 그리스도로 말미암아 우리에게 승리를 주신 하나님께 감사하노라
감사,그 하나님께 감사하라 그의 말로 다할 수 없는 선물에 대해 감사하라
감사,여호와여 주의 기적과 주의 계획들이 나를 둘러싸니 내가 그들에게 감사하며 그것들을 말하리이다
감사,오늘은 여호와가 정하신 날이니 우리는 이 날에 기뻐하며 즐거워할 것이다
감사,내가 살아 있는 동안 여호와께 노래하며 내 하나님께 찬송하리로다
감사,이 섬김이 성도들의 부족을 채우는 것뿐 아니라 많은 사람들로 하여금 하나님께 감사하게 함이니라
감사,여호와의 인자하심과 사람들에게 베푸신 기이한 일을 인하여 그를 찬송하고 감사하라
감사,의인은 주의 이름을 찬송하고 정직한 자는 주의 얼굴 앞에 살리로다
감사,내가 밤 중에 일어나 주께 감사하리니 주의 의로운 규례를 지키기 때문이라
감사,주의 은혜로 내 마음이 기쁘고 내게 주신 구원의 기쁨을 감사하며 주의 이름을 찬양하리로다
감사,내가 여호와께 내 서원을 다하며 그의 백성 앞에서 감사하리로다
감사,의인을 기뻐하며 여호와를 찬송하고 마음에 감사로 가득 차게 하라
감사,할렐루야 내 영혼아 여호와를 찬송하라
감사,여호와께 감사드리기 좋은 일이며 지존자에게 찬송하는 것이 마땅하니라
감사,내가 여호와를 기뻐하며 주의 모든 기적을 전하리로다
감사,하나님의 사랑은 하늘에 미치고 주의 신실함은 구름에 미친다
감사,여호와는 은혜로우시며 의로우시며 우리 하나님은 긍휼을 베푸시며
감사,우리 주 예수 그리스도로 말미암아 우리에게 승리를 주신 하나님께 감사하노라
감사,아무것도 염려하지 말고 모든 일에 기도와 간구로 너희 구할 것을 감사함으로 하나님께 아뢰라
감사,감사함으로 그 앞에 나아가며 시와 찬송으로 그를 향하여 부르짖자
감사,나는 노래로 하나님의 이름을 찬송하고 감사함으로 그를 크게 높이리이다
감사,감사로 제사를 드리는 자가 나를 영화롭게 하며 그 행위를 바르게 하는 자에게는 내가 하나님의 구원을 보여 주리라
감사,내가 밤 중에 일어나 주께 감사하리니 주의 의로운 규례를 지키기 때문이라
감사,너희 중에서 아무도 추잡한 말이나 어리석은 농담이나 희롱을 하지 말라 오히려 감사의 말을 하라
감사,내가 살아 있는 동안 여호와께 노래하며 내 하나님께 찬송하리로다
감사,내 영혼아 여호와를 송축하며 그의 모든 은택을 잊지 말지어다
감사,할렐루야 우리 하나님께 감사하라 그가 위대하시며 찬양할 가치가 있느니라
감사,하나님께 찬송을 드리며 지존자에게 찬송하리로다
감사,내가 주께 감사하오니 주께서 내게 응답하셨고 나의 구원이 되셨음이니이다
감사,모든 숨 쉬는 자는 여호와를 찬양할지어다 할렐루야
감사,나는 노래로 하나님의 이름을 찬송하고 감사함으로 그를 크게 높이리이다
감사,감사함으로 그의 문에 들어가며 찬송함으로 그의 궁정에 들어가라 그에게 감사하며 그의 이름을 송축하라
감사,여호와께 감사하라 그는 선하시며 그 인자하심이 영원함이로다
감사,여호와께 감사드리기 좋은 일이며 지존자에게 찬송하는 것이 마땅하니라
감사,내가 여호와를 항상 송축하며 내 입술로 항상 그를 찬양하리로다
감사,여호와는 나의 힘이시요 나의 방패시니 내 마음이 그를 의지하고 그를 도와 주시므로 내 마음이 기쁘고 내 노래로 그를 찬송하리로다
감사,여호와의 인자하심과 인생에게 베푸신 기이한 일을 인하여 그를 찬송하고 그에게 감사하라
감사,여호와께 감사하라 그는 선하시며 그 인자하심이 영원함이로다
감사,내가 전심으로 여호와께 감사하며 주의 모든 기적을 전하리이다
감사,나는 노래로 하나님의 이름을 찬송하고 감사함으로 그를 크게 높이리이다
인내,우리가 환난 중에도 즐거워하나니 이는 환난이 인내를 인내는 연단을 연단은 소망을 이루기 때문이라
인내,너희의 인내가 온전하게 이루어지게 하라 이는 너희가 온전하고 구비하여 부족함이 없게 하려 함이라
인내,그러므로 우리도 이와 같이 구름같이 둘러싼 많은 증인들이 있으니 모든 무거운 것과 얽매이기 쉬운 죄를 벗어버리고 인내로써 우리 앞에 있는 경주를 하며
인내,우리가 소망하는 것을 기다리면 인내로 기다리는 자가 되는 것이다
인내,우리가 선을 행하되 낙심하지 말지니 때가 이르면 거두리라
인내,너희가 하나님의 뜻을 행한 후에 약속을 받기 위하여 인내가 필요하니
인내,그러므로 형제들아 주의 강림까지 인내하라 보라 농부가 땅의 귀한 열매를 기다리며 늦은 비와 이른 비를 기다리며 인내하느니라
인내,인내를 온전하게 이루어 너희가 부족함이 없게 하라
인내,소망 중에 즐거워하며 환난 중에 참으며 기도에 항상 힘쓰며
인내,게으르지 말고 믿음과 인내로 약속을 받는 자들이 되라
인내,끝까지 견디는 자는 구원을 얻으리라
인내,사랑은 모든 것을 참으며 모든 것을 믿으며 모든 것을 바라고 모든 것을 견딘다
인내,여호와 앞에 잠잠하고 참아 기다리라 자기를 잘되게 하려는 자와 악한 꾀를 꾸미는 자를 보고 불평하지 말라
인내,내가 여호와를 기다리고 기다렸더니 나를 향해 귀를 기울이시며 나의 부르짖음을 들으셨다
인내,오직 여호와를 기다리는 자는 새 힘을 얻으리니 독수리가 날개치며 올라감 같을 것이요 달려가도 피곤하지 아니하고 걸어가도 곤비하지 아니하리로다
인내,여호와를 기다리라 담대하고 강하게 하며 여호와를 기다리라
인내,인내는 연단을 연단은 소망을 이루느니라
인내,우리가 모든 일에 하나님의 사자로서 스스로 온전하게 하며 큰 인내와 고난과 궁핍과 혼란 중에 있으니
인내,형제들아 선지자들이 주의 이름으로 말한 바와 같이 고난을 겪으면서 인내한 자들을 보라
인내,만일 너희가 잘 행하고 고난을 받으며 참으면 이것은 하나님께 좋은 일이니라
인내,믿음의 주요 또 온전하게 하시는 이인 예수를 바라보자 그가 자기 앞에 있는 기쁨을 위하여 십자가를 참으시고 부끄러움을 게을리하지 않으셨으며 하나님 보좌 우편에 앉으셨느니라
인내,하나님께 가까이 하는 것이 내게 복이라 내가 주 여호와를 나의 피난처로 삼아 주의 모든 일을 전하리로다
인내,이제 인내와 위로의 하나님이 너희에게 하나가 되게 하시기를 원하노라
인내,잠시 후면 오실 이가 오시리니 지체하지 아니하시리라
인내,예수께서 이르시되 너희 믿음이 적음으로 인함이라 진실로 너희에게 이르노니 만일 너희에게 겨자씨 한 알만한 믿음이 있으면 이 산을 명하여 여기서 저기로 옮겨지라 하여도 옮겨질 것이요 너희가 할 수 없는 일이 없으리라
인내,제자들의 마음을 굳건하게 하고 믿음에 머물러 있으라 권하며 우리가 하나님의 나라에 들어가려면 많은 환난을 겪어야 한다고 말하였다
인내,내 영혼아 어찌하여 낙심하며 어찌하여 내 속에서 불안해하는가 너는 하나님을 바라라 나는 그가 나타나 도우심으로 내 얼굴을 찬양하리로다
인내,성령의 열매는 사랑 기쁨 화평 오래 참음 자비 양선 충성 온유 절제니 이런 것을 금지할 법이 없느니라
인내,아무것도 염려하지 말고 오직 모든 일에 기도와 간구로 너희 구할 것을 감사함으로 하나님께 아뢰라
인내,너희가 하나님의 뜻을 행한 후에 약속을 받기 위하여 인내가 필요하니
인내,시험을 참는 자는 복이 있나니 이는 그가 시험을 견디고 나면 생명의 면류관을 얻을 것이기 때문이라
인내,그러나 주께서 내게 이르시되 내 은혜가 네게 족하다 내 능력이 약한 데서 완전하여짐이라 하셨으니 그러므로 나는 더욱 기쁨으로 나의 약한 것을 자랑하리니 이는 그리스도의 능력이 내게 머물게 하려 함이라
인내,너희가 나를 미워하는 자에게 미움을 받으리라 그러나 끝까지 견디는 자는 구원을 얻으리라
인내,네 길을 여호와께 맡기라 그를 의지하면 그가 이루시리라
인내,현재의 고난은 장차 우리에게 나타날 영광과 비교할 수 없도다
인내,너희가 당한 유혹은 인류가 당하는 것이며 하나님은 신실하셔서 너희가 감당할 수 없는 시험을 주지 아니하시고 시험을 당할 즈음에 또한 피할 길을 내사 너희로 능히 감당하게 하시느니라
인내,우리가 선을 행하되 낙심하지 말지니 때가 이르면 거두리라
인내,그러므로 우리가 낙심하지 아니하노니 우리의 겉 사람은 후패하나 우리의 속 사람은 날로 새로워지나니
인내,여호와여 내가 주를 기다리며 내 하나님이 응답하시기를 기다리나이다
인내,아브라함이 인내로 약속을 받았으니 그가 하나님의 약속을 이루기 위해 기다린 것처럼 우리도 인내로 약속을 받게 될 것이다
인내,소망 중에 즐거워하며 환난 중에 참으며 기도에 항상 힘쓰며
인내,나는 여호와를 기다리며 내 영혼이 기다리며 그의 말씀을 바란다
인내,모든 징계가 당시에는 즐거워 보이지 않고 슬퍼 보이나 후에는 그것을 통해 연단을 받은 자에게 의와 평강의 열매를 맺게 하느니라
인내,끝까지 견디는 자는 구원을 얻으리라
인내,우리가 고난을 당할 때 너희의 위로와 구원이 너희에게 이루어지기 위한 것이라
인내,두려워 말라 내가 너와 함께하미라 놀라지 말라 나는 네 하나님이 됨이라 내가 너를 강하게 하리라
인내,여호와를 기다리라 담대하고 강하게 하며 여호와를 기다리라
인내,그러므로 너희 담대함을 버리지 말라 이것이 큰 상을 얻는 일이니라
인내,가만히 있어 내가 하나님 됨을 알지어다
인내,너희도 인내하라 마음을 굳게 하라 주의 강림이 가까우니라
인내,너희의 인내와 소망이 우리에게 위로가 되며 그로 인해 우리가 하나님을 자랑하리라
인내,우리가 이 직분을 받아 은혜를 입었으므로 낙심하지 아니하고
인내,모든 무거운 것과 얽매기 쉬운 죄를 벗어버리고 인내로써 우리 앞에 있는 경주를 하며
인내,회당을 떠날 때에 많은 유대인과 경건한 이방인이 바울과 바나바를 따라오니 그들은 그들에게 말하여 하나님 은혜의 말씀을 더욱 간절히 듣게 하니라
인내,우리가 소망으로 구원을 얻었으니 보이는 소망은 소망이 아니니 우리가 보지 못하는 것을 기다리면 인내로 기다리게 된다
인내,아브라함이 인내로 약속을 받았으니 그가 하나님의 약속을 이루기 위해 기다린 것처럼 우리도 인내로 약속을 받게 될 것이다
인내,그러나 나는 나의 달려갈 길과 주 예수께 받은 사명 곧 하나님의 은혜의 복음을 증거하는 일을 마치기를 달갑게 생각하노라
인내,여호와여 내가 주를 기다리며 내 하나님이 응답하시기를 기다리나이다
인내,운동장에서 달리기를 하는 자들이 다 달리나 오직 상을 얻는 자는 하나이니 너희도 그와 같이 얻도록 인내하라
인내,전에는 빛을 받은 후에 너희가 고난을 견디어낸 것을 기억하라
인내,내 영혼아 어찌하여 낙심하며 어찌하여 내 속에서 불안해하는가 너는 하나님을 바라라 나는 그가 나타나 도우심으로 내 얼굴을 찬양하리로다
인내,여호와를 기다리는 자는 새 힘을 얻으리니 독수리가 날개치며 올라감 같을 것이요 달려가도 피곤하지 아니하고 걸어가도 곤비하지 아니하리로다
인내,수고하고 무거운 짐 진 자들아 다 내게 오라 내가 너희를 쉬게 하리라
인내,이제 인내와 위로의 하나님이 너희에게 하나가 되게 하시기를 원하노라
인내,너희가 모든 사람에게 미움을 받으나 끝까지 견디는 자는 구원을 얻으리라
인내,여호와는 마음이 상한 자를 가까이하시며 중심에 통회하는 자를 구원하시는도다
인내,구하라 그리하면 너희에게 주실 것이요 찾으라 그리하면 찾을 것이요 문을 두드리라 그리하면 너희에게 열릴 것이다
인내,내가 여호와를 기다리고 기다렸더니 나를 향해 귀를 기울이시며 나의 부르짖음을 들으셨다
인내,우리가 모든 일에 하나님의 사자로서 스스로 온전하게 하며 큰 인내와 고난과 궁핍과 혼란 중에 있으니
인내,너희가 당한 유혹은 인류가 당하는 것이며 하나님은 신실하셔서 너희가 감당할 수 없는 시험을 주지 아니하시고 시험을 당할 즈음에 또한 피할 길을 내사 너희로 능히 감당하게 하시느니라
인내,그러므로 우리가 낙심하지 아니하노니 우리의 겉 사람은 후패하나 우리의 속 사람은 날로 새로워지나니
인내,여호와 앞에 잠잠하고 참아 기다리라 자기를 잘되게 하려는 자와 악한 꾀를 꾸미는 자를 보고 불평하지 말라
인내,그러므로 형제들아 주의 강림까지 인내하라 보라 농부가 땅의 귀한 열매를 기다리며 늦은 비와 이른 비를 기다리며 인내하느니라
인내,가만히 있어 내가 하나님 됨을 알지어다
인내,현재의 고난은 장차 우리에게 나타날 영광과 비교할 수 없도다
인내,우리 영혼이 여호와를 기다리며 그는 우리의 도움과 방패시라
인내,주의 진리로 나를 인도하시며 나를 가르치소서 나는 종일토록 주를 기다리나이다
인내,제자들의 마음을 굳건하게 하고 믿음에 머물러 있으라 권하며 우리가 하나님의 나라에 들어가려면 많은 환난을 겪어야 한다고 말하였다
인내,여호와를 기다리라 담대하고 강하게 하며 여호와를 기다리라
인내,나는 항상 소망을 품고 주를 더욱 찬송하리이다
인내,오호라 목마른 자들아 다 물러오라 너희는 나아와서 값을 내지 않고 사라
인내,우리가 고난을 당할 때 너희의 위로와 구원이 너희에게 이루어지기 위한 것이라
인내,우리가 소망하는 것을 기다리면 인내로 기다리는 자가 되는 것이다
인내,우리가 모든 일에 하나님의 사자로서 스스로 온전하게 하며 큰 인내와 고난과 궁핍과 혼란 중에 있으니
인내,우리가 선을 행하되 낙심하지 말지니 때가 이르면 거두리라
인내,운동장에서 달리기를 하는 자들이 다 달리나 오직 상을 얻는 자는 하나이니 너희도 그와 같이 얻도록 인내하라
인내,우리가 이 직분을 받아 은혜를 입었으므로 낙심하지 아니하고
인내,보라 인내하는 자들은 복이 있다 너희가 욥의 인내를 들었고 여호와께서 그의 나중을 보상하신 것을 보았느니라
인내,우리가 소망하는 것을 기다리면 인내로 기다리는 자가 되는 것이다
인내,예수께서 이르시되 너희 믿음이 적음으로 인함이라 진실로 너희에게 이르노니 만일 너희에게 겨자씨 한 알만한 믿음이 있으면 이 산을 명하여 여기서 저기로 옮겨지라 하여도 옮겨질 것이요 너희가 할 수 없는 일이 없으리라
인내,내가 여호와를 기다리고 기다렸더니 나를 향해 귀를 기울이시며 나의 부르짖음을 들으셨다
인내,회당을 떠날 때에 많은 유대인과 경건한 이방인이 바울과 바나바를 따라오니 그들은 그들에게 말하여 하나님 은혜의 말씀을 더욱 간절히 듣게 하니라
인내,너희가 모든 사람에게 미움을 받으나 끝까지 견디는 자는 구원을 얻으리라
인내,나는 여호와를 기다리며 내 영혼이 기다리며 그의 말씀을 바란다
인내,전에 기록된 바는 우리에게 교훈을 주려 함이라 우리로 하여금 성경을 통해 인내와 위로를 얻고 소망을 가지게 하려 함이라
인내,여호와를 기다리는 자는 새 힘을 얻으리니 독수리가 날개치며 올라감 같을 것이요 달려가도 피곤하지 아니하고 걸어가도 곤비하지 아니하리로다
인내,너희가 하나님의 뜻을 행한 후에 약속을 받기 위하여 인내가 필요하니
인내,내 영혼아 어찌하여 낙심하며 어찌하여 내 속에서 불안해하는가 너는 하나님을 바라라
인내,여호와를 바라는 너희들아 담대하고 강하게 하라
인내,두려워 말라 내가 너와 함께하미라 놀라지 말라 나는 네 하나님이 됨이라 내가 너를 강하게 하리라
순종,너희가 나를 사랑하면 내 계명을 지키리라
순종,그러므로 너희는 여호와 너희 하나님을 사랑하고 그의 모든 명령과 규례와 법도를 지킬지니라
순종,베드로와 사도들이 대답하여 이르되 하나님께 순종하는 것이 사람에게 순종하는 것보다 마땅하니라
순종,예수께서 대답하여 이르시되 사람이 나를 사랑하면 내 말을 지키리니 내 아버지께서 그를 사랑하실 것이요 우리는 그에게 가서 거처를 함께 하리라
순종,네가 네 하나님 여호와의 말씀을 듣고 그를 지켜 행하면 여호와 너희 하나님이 너를 세상 모든 민족 위에 뛰어나게 하시리라
순종,너희는 말씀을 행하는 자가 되고 듣기만 하는 자가 되어 자신을 속이지 말라
순종,그런즉 너희가 내 말을 잘 듣고 내 언약을 지키면 너희가 모든 민족 중에서 내 소유가 되리니 이는 온 땅이 다 내 것이기 때문이라
순종,너희 자신을 종으로 드리는 자가 누구든지 그에게 순종하는 자가 되나니 그 종의 순종함이 곧 그 종에게 순종함이니라
순종,그가 아들이시라도 받으신 고난으로 순종함을 배워서
순종,너희가 잘 달려가더니 누가 너희를 막아 진리를 순종하지 못하게 하더냐
순종,우리가 그를 알았다 하는 우리가 그 계명을 지키지 아니하면 이는 거짓말하는 자요 진리가 그 속에 있지 아니한 자니라
순종,네 자손이 복을 받으리니 그 자손은 천하 만민을 복되게 하리라 이는 네가 내 말을 순종하였음이라
순종,그런즉 누구든지 내 말을 듣고 행하는 자는 그 집을 반석 위에 지은 지혜로운 사람 같으리라
순종,그가 책을 취하여 백성에게 읽어 들려주매 그들이 다 대답하여 이르되 여호와의 명령을 우리가 다 행하리이다
순종,너희가 즐겨 순종하면 땅의 아름다운 소산을 먹을 것이요
순종,자녀들아 주 안에서 너희 부모에게 순종하라 이것이 옳으니라 네 아버지와 어머니를 공경하라 이것은 약속이 있는 첫 계명이니
순종,사람의 모양으로 나타나시어 자기를 낮추시고 죽기까지 복종하셨으니 곧 십자가에 죽으심이라
순종,아브라함은 하나님의 부르심을 받아 순종하여 자기가 받을 기업을 얻으러 나가되 어디로 가는지 알지 못하고 나갔으며
순종,내가 아버지의 계명을 지키고 그 사랑 안에 거하는 것 같이 너희도 내 계명을 지키면 내 사랑 안에 거하리라
순종,하나님의 뜻대로 행하는 자가 내 형제요 자매요 어머니이니라
순종,내가 깨닫고 지체하지 아니하고 주의 계명을 지켰나이다
순종,너희가 지혜에 있어 선하고 악에 대해 미혹되지 아니하는 것을 내가 기쁘게 생각하노니 너희가 선한 일에 분발하며 악을 피하라
순종,할례나 무할례가 아무 것도 아니요 오직 하나님의 계명을 지키는 것이 중요하니라
순종,너희 인도자들에게 순종하고 복종하라 그들이 너희 영혼을 위해 깨어서 취할 책임이 있나니
순종,누구든지 하늘에 계신 내 아버지의 뜻을 행하는 자가 내 형제요 자매요 어머니이니라
순종,종들아 모든 일에 육체상 주인에게 순종하되 사람에게 보이기 위해서가 아니라 하나님을 경외하는 마음으로 순종하라
순종,우리가 모든 이론을 파하고 하나님 아는 것을 대적하는 모든 높은 것을 무너뜨리며 모든 생각을 사로잡아 그리스도께 순종케 하니
순종,그러므로 하나님께 복종하고 마귀를 대적하라 그리하면 그가 너희에게서 도망하리라
순종,네가 여호와의 말씀을 듣고 그의 모든 명령을 지키면 네가 다시 여호와께로 돌아와 그의 명령을 지킬 것이다
순종,하나님의 계명은 무겁지 않나니 이는 하나님을 사랑하는 것이며 그의 계명을 지키는 것이다
순종,그가 대답하여 이르되 예 아버지 하고 가게 되었으나 다른 아들은 대답하여 이르되 나는 가지 않겠다고 하였으나 결국에는 순종하였더라
순종,너희가 배우고 받으며 듣고 본 바를 행하라 그리하면 평강의 하나님이 너희와 함께 계시리라
순종,나는 율법 밖에 있는 자에게는 율법 밖에 있는 자 같이 된 자라 이는 율법 밖에 있는 자를 얻고자 함이라
순종,예수께서 자기를 믿는 유대인들에게 이르시되 너희가 내 말에 거하면 참으로 내 제자가 되고
순종,하나님을 속일 수 없나니 사람이 무엇으로 심든지 그대로 거두리라 우리는 선을 행하되 낙심하지 말고 때가 되면 거두리라
순종,너희가 이것을 알고 행하면 복이 있느니라
순종,왜 나를 주님이라 부르면서 내가 너희에게 말하는 것을 행하지 아니하느냐
순종,너희는 여호와 너희 하나님께서 명하신 모든 길로 가라 그리하면 너희가 살고 복을 받으며 오래 살리라
순종,사람들은 이 사람이 누구인지 말하되 바람과 바다가 그를 순종하는 것이 놀랍다고 하였다
순종,내가 고난 당하기 전에는 그릇 행하였더니 이제는 주의 말씀을 지키나이다
순종,네가 오른쪽이나 왼쪽으로 돌아가든지 네 귀에 들려오는 말이 너에게 이르되 이것이 바로 가는 길이라 하리라
순종,율법을 듣는 자가 의롭다 하심을 얻는 것이 아니요 율법을 행하는 자가 의롭다 하심을 얻느니라
순종,하늘에 계신 내 아버지의 뜻을 행하는 자가 내 형제요 자매요 어머니이니라
순종,너희가 내 계명을 지키면 나도 너희를 사랑한 것 같이 너희도 나를 사랑하는 자가 되리라
순종,그들이 하나님의 언약을 지키지 아니하고 그의 법을 거역하였도다
순종,할례나 무할례가 아무 것도 아니요 오직 하나님의 계명을 지키는 것이 중요하니라
순종,종들아 두려워하고 떨며 정직한 마음으로 육신의 주인에게 순종하라 사람에게 보이려고 하지 말고 그리스도께서 하듯이 하라
순종,우리 육신의 아버지에게는 순종하였거늘 하물며 영의 아버지께 더욱 순종하는 것이 마땅하지 않으냐
순종,할례나 무할례가 아무 것도 아니요 오직 하나님의 계명을 지키는 것이 중요하니라
순종,너희는 말씀을 행하는 자가 되고 듣기만 하는 자가 되어 자신을 속이지 말라
순종,자녀들아 주 안에서 부모에게 순종하라 이것이 옳은 일이니라
순종,내가 이것을 너희에게 써서 시험하여 너희가 순종하는지 여부를 알기 위해서였노라
순종,나더러 주여 주여 하는 자마다 천국에 들어갈 것이 아니요 하늘에 계신 내 아버지의 뜻을 행하는 자라야 들어가리라
순종,그가 그들을 데리고 자기 집에 올라가서 음식을 내어 주며 온 집이 다 하나님을 믿고 기뻐하니라
순종,내 양은 내 음성을 듣고 나는 그들을 알며 그들은 나를 따르느니라
순종,예수께서 무리와 제자들을 불러 말씀하시되 누구든지 나를 따라오려거든 자기를 부인하고 자기 십자가를 지고 나를 따를 것이니라
순종,이 봉사의 실천으로 너희가 복음을 전파하고 그리스도의 영광을 드러내므로 너희가 하나님께 영광을 돌리게 되리라
순종,그를 찾으며 그를 전심으로 구하는 자는 복이 있도다
순종,그러므로 형제들아 내가 하나님의 모든 자비하심으로 너희에게 권하노니 너희 몸을 하나님이 기뻐하시는 거룩한 산 제물로 드리라 이는 너희가 드릴 영적 예배니라
순종,예수께서 이르시되 내 양식은 나를 보내신 이의 뜻을 행하고 그의 일을 온전히 이루는 것이니라
순종,너는 그리스도 예수의 좋은 병사로서 고난을 받으라 군인이 되려면 세상의 일에 얽매이지 아니하며 오직 자기를 군사로 삼은 자를 기쁘시게 하여야 할지니라
순종,너희가 하나님의 계명을 버리고 사람의 전통을 지키는도다
순종,사무엘이 이르되 여호와께서 번제와 다른 제사를 그의 목소리를 듣는 것만큼 기뻐하시겠느냐 순종이 제사보다 낫고 듣는 것이 수양의 기름보다 나은이라
순종,종들아 두려워하고 떨며 정직한 마음으로 육신의 주인에게 순종하라 사람에게 보이려고 하지 말고 그리스도께서 하듯이 하라
순종,진리를 알지니 진리가 너희를 자유롭게 하리라
순종,나의 달려갈 길과 주 예수께 받은 사명 곧 하나님의 은혜의 복음을 증거하는 일을 마치려 하면 나는 내 생명이 조금 더 아깝지 않다
순종,너희가 순종하는 자녀들이 되어 이전에 알지 못한 때에 따라 여러분의 구속에 합당한 거룩한 삶을 살라
순종,너희가 내 안에 거하고 내 말이 너희 안에 거하면 무엇이든지 원하는 대로 구하라 그리하면 이루어지리라
순종,믿음으로 아브라함은 시험을 받을 때 이삭을 드리며 약속을 받은 아들 하나를 드리기를 하나님께 순종하였느니라
순종,너의 길을 여호와께 맡기라 그를 의지하면 그가 이루시고
순종,이 세상에 본받지 말고 마음을 새롭게 하여 변화를 받아 하나님의 뜻이 무엇인지 분별하도록 하라
순종,내가 그리스도를 통해 모든 것을 할 수 있느니라
순종,나의 계명을 지키는 자는 나를 사랑하는 자요 나를 사랑하는 자는 내 아버지께 사랑을 받게 되고 나도 그를 사랑하고 그에게 나를 나타내리라
순종,내가 나이로 말할 것 같으면 나는 노인들보다 더 깨닫고 주의 계명들을 지키며 나아가리라
순종,내가 이 일을 너희에게 쓴 것은 너희가 시험을 받고 순종하는지 여부를 알기 위함이라
순종,아직 예수께서 말씀하실 때 광채가 나는 구름이 그들을 덮으니 구름 속에서 이는 내 사랑하는 아들 내 마음에 드는 자니 너희는 그의 말을 들으라는 소리가 났더라
순종,바울이 대답하여 이르되 내가 주 예수의 이름을 위하여 예루살렘에서 결박을 받고 죽는 것조차도 두렵지 않다
순종,나를 사랑하지 않는 자는 내 말을 지키지 아니하나니 너희가 듣는 말은 내 말이 아니요 나를 보내신 아버지의 말씀이니라
순종,그리스도께서 우리를 자유롭게 하셨으니 그러므로 굳건히 서서 다시는 종의 멍에를 메지 말라
순종,나는 선한 싸움을 싸우고 달려갈 길을 마치고 믿음을 지켰다
순종,사람이 떡으로만 살 것이 아니요 하나님의 입으로 나오는 모든 말씀으로 살 것이라
순종,거역하는 것은 점술죄와 같고 패역하는 것은 우상 숭배와 같으니 네가 여호와의 말씀을 버렸으므로 여호와께서 너를 버려 왕이 되지 못하게 하셨느니라
순종,너희는 자유의 율법대로 말하고 행하라 그것은 너희가 심판받지 않도록 하기 위함이라
순종,어떤 사람이 두 아들을 두었는데 첫째 아들에게 가서 이르되 오늘 포도원에 가서 일하라 하매 그가 대답하여 이르되 가겠습니다 하였으나 가지 아니하였고 둘째 아들에게 가서 같은 말을 하였더니 그가 대답하여 이르되 나는 가지 않겠습니다 하였으나 결국 가게 되었더라 누가 순종했느냐
순종,양은 그를 따르지 아니하고 도리어 그를 피하나니 이는 그들이 낯선 사람의 음성을 알지 못함이라
순종,그가 나아가서 자기 얼굴을 땅에 대고 엎드려 기도하여 이르시되 내 아버지여 만약 할 수 있으면 이 잔을 내게 지나가게 하옵소서 그러나 내 뜻대로 마옵시고 아버지의 뜻대로 하옵소서
순종,내가 주께 범죄하지 아니하도록 주의 말씀을 내 마음에 두었나이다
순종,모든 성경은 하나님의 감동으로 된 것으로 교훈과 책망과 바르게 함과 의로 교육하기에 유익하니
순종,하나님의 약속은 얼마든지 그리스도 안에서 예가 되므로 우리가 그로 말미암아 아멘하여 하나님께 영광을 돌리게 되느니라
순종,하나님의 뜻대로 행하는 자가 내 형제요 자매요 어머니이니라
순종,아버지의 뜻이 하늘에서 이루어진 것 같이 땅에서도 이루어지이다
순종,내가 이르되 주여 무엇을 하리이까 주께서 내게 이르시되 일어나 다메섹으로 들어가라 거기서 네가 행할 모든 일을 일러 주리라
순종,우리는 모든 이론을 파하고 하나님 아는 것을 대적하는 모든 높은 것을 무너뜨리며 모든 생각을 사로잡아 그리스도께 순종케 하니
순종,너희가 진리의 순종함으로 너희 영혼을 깨끗하게 하여 거짓 없는 형제 사랑을 진심으로 사랑하라
순종,그러므로 내 사랑하는 형제들아 굳건하게 서서 흔들리지 말고 항상 주의 일을 더욱 풍성히 알게 되라 너희 수고가 주 안에서 헛되지 않다는 것을 알기 때문이라
순종,그러나 하나님께 감사하리로다 너희가 죄의 종이었으나 이제는 마음으로부터 그 본래의 교훈을 순종하여 의의 종이 되었느니라
순종,사람이 나를 섬기려면 나를 따르라 내가 있는 곳에 내 종도 있을 것이요 누구든지 나를 섬기면 아버지께서 그를 존귀하게 하시리라
순종,내 손이 이 모든 것을 지었고 이 모든 것이 되었으나 나는 한 사람을 바라보노라 그는 내 말을 겸손히 듣고 나의 뜻을 따르는 자니라
순종,주의 증거들은 내 즐거움과 내 상담자들이십니다
순종,우리의 자랑은 이것이라 우리의 양심이 증언하는 바 우리가 하나님께 대한 성실과 순수함으로 세상에서 특히 너희에게 그렇게 행하였노라
용서,너희가 사람의 잘못을 용서하면 하늘에 계신 너희 아버지께서도 너희를 용서하시리라
용서,그러나 너희가 사람을 용서하지 아니하면 너희 아버지께서도 너희 잘못을 용서하지 아니하시리라
용서,그 때 베드로가 나아와 말하되 주여 형제가 내게 죄를 범하면 내가 몇 번이나 그를 용서해야 하리이까 일곱 번까지 하오리이까 예수께서 이르시되 내가 네게 이르노니 일곱 번뿐 아니라 일곱 번을 일흔 번까지라도 하라
용서,서로 친절하게 대하며 불쌍히 여기며 하나님께서 그리스도 안에서 너희를 용서하신 것처럼 서로 용서하라
용서,서로 용납하며 누구든지 서로 불만이 있거든 용서하되 주께서 너희를 용서하신 것처럼 너희도 그리하고
용서,서 있을 때에 아무에게나 용서할 일이 있거든 용서하라 그래야 하늘에 계신 너희 아버지께서도 너희 죄를 용서하시리라
용서,너희가 형제에게 잘못을 범하면 경고하고 회개하면 용서하되 하루에 일곱 번이라도 그가 내게 잘못을 하고 일곱 번 돌아와 말하기를 내가 회개하노라 하면 너희는 용서하라
용서,악을 악으로 욕을 욕으로 갚지 말고 도리어 복을 빌라 이는 너희가 이로써 복을 받기 위해 부르심을 받은 자들이기 때문이라
용서,그 이유로 하늘나라가 왕과 그의 종들에게 비유되었으니 왕은 종이 그의 빚을 갚을 수 없자 그를 불쌍히 여기며 그의 빚을 용서하였으나 그 종이 다른 종에게 자신이 갚을 빚을 용서하지 않는 것을 보고 왕이 그를 다시 잡아 가두며 그에게 용서를 요구하는 이야기
용서,그들이 계속 묻자 예수께서 일어나시어 말씀하시되 너희 중에 죄 없는 자가 먼저 돌로 치라 하시고
용서,아무에게도 악을 악으로 갚지 말고 모든 사람 앞에서 선한 일을 도모하라 네가 할 수 있거든 너희가 살아가는 한 모든 사람과 평화롭게 지내라 내 사랑하는 자들아 복수하지 말고 하나님의 진노에 맡기라 나의 복수라 내가 갚으리라고 기록된 바와 같이
용서,너희가 각각 마음으로 형제를 용서하지 아니하면 내 하늘 아버지께서도 너희에게 이와 같이 하시리라
용서,예수께서 이르시되 아버지 저들을 용서하옵소서 저들이 자기들이 하는 일을 알지 못함이니이다
용서,이제는 오히려 너희에게 용서하고 위로할지니 이와 같은 사람을 너희가 사랑으로 다시 품으라
용서,모든 악의와 노함과 분노와 떠드는 것과 비방하는 것을 모든 악의와 함께 너희 가운데서 없애버리고 서로 친절하고 불쌍히 여기며 하나님께서 그리스도 안에서 너희를 용서하신 것처럼 서로 용서하라
용서,사랑은 자랑하지 않으며 교만하지 않으며 무례히 행하지 않으며 자기의 유익을 구하지 않으며 쉽게 화를 내지 않으며 악을 생각하지 않으며
용서,그러나 나는 너희에게 이르노니 원수를 사랑하며 너희를 박해하는 자를 위해 기도하라
용서,만일 우리가 우리 죄를 자백하면 그는 믿부시고 의로우사 우리 죄를 사하시며 우리를 모든 불의에서 깨끗하게 하실 것이라
용서,하나님은 우리가 아직 죄인 되었을 때에 그리스도께서 우리를 위하여 죽으심으로 자기 사랑을 확증하셨느니라
용서,내가 그들의 불법을 용서하고 그들의 죄를 다시 기억하지 아니하리라
용서,나는 나를 위하여 네 허물을 도말하는 자라 네 죄를 기억하지 아니하리라
용서,여호와께서 말씀하시되 너희 죄가 붉을지라도 눈과 같이 희게 할 것이요 진홍빛 같을지라도 양털같이 하리라
용서,하나님과 같은 이가 누구인가 그는 죄악을 용서하고 자기 기업의 남은 자들에게 대하여 자비를 베푸시며 다시는 진노하지 아니하시고 기뻐하여 용서하신다
용서,자녀들아 너희가 죄 사함을 받은 것은 그의 이름을 인함이라
용서,베드로가 예수께 나아가 이르되 주여 형제가 내게 죄를 범하면 몇 번 용서해야 합니까 일곱 번까지 하리이까 예수께서 이르시되 일곱 번뿐 아니라 일흔 번을 일곱 번까지라도 하라
용서,서 있을 때에 아무에게나 용서할 일이 있거든 용서하라 그래야 하늘에 계신 너희 아버지께서도 너희 죄를 용서하시리라
용서,너희가 죄로 죽어 있던 것을 하나님이 그리스도와 함께 살리셨고 우리 죄의 법을 폐하시고 십자가에 못 박으셨느니라
용서,너희가 누구의 죄를 용서하면 용서될 것이요 누구의 죄를 그대로 두면 그대로 있을 것이라
용서,그가 빛 가운데 계신 것처럼 우리도 빛 가운데 행하면 우리가 서로 사귀고 그의 아들 예수의 피가 우리를 모든 죄에서 깨끗하게 하느니라
용서,그러므로 내가 네게 이르노니 그의 많은 죄가 사함을 받았으니 그는 사랑을 많이 했느니라 그러나 적게 용서받은 자는 적게 사랑하느니라
용서,너희가 각각 마음으로 형제를 용서하지 아니하면 내 하늘 아버지께서도 너희에게 이와 같이 하시리라
용서,이것이 나의 계명이라 너희가 서로 사랑하라는 것이니 내가 너희를 사랑한 것 같이 너희도 서로 사랑하라
용서,곧 하나님이 그리스도 안에서 세상을 자기와 화목하게 하시며 사람들의 죄를 그들에게 돌리지 아니하시고 화목하게 하는 말씀을 우리에게 부탁하셨느니라
용서,무엇보다도 열심히 서로 사랑할지니 사랑은 허다한 죄를 덮느니라
용서,그러나 인자가 땅에서 죄 사함 권세가 있다는 것을 너희로 알게 하려 하노라 이에 예수께서 중풍병자에게 말씀하시되 일어나 네 자리를 가지고 집으로 가라 하시니 그가 일어나 집으로 갔다
용서,동이 서에서 먼 것처럼 그가 우리의 죄악을 우리에게서 멀리 옮기셨으며
용서,악인은 그의 길을 불의한 자는 그의 생각을 버리고 여호와께로 돌아오라 그가 우리를 극률히 여기시며 우리 하나님께로 돌아오라 그가 너그럽게 용서하시리라
용서,그러므로 네 예물을 제단에 드리기 전에 네 형제에게 억울한 일이 있으면 먼저 가서 화해하고 그 후에 예물을 드리라
용서,믿음의 말씀이 이것이니 그리스도 예수께서 죄인을 구원하시려고 세상에 오셨다 하시며 그 중에 내가 괴수니라
용서,그들이 다시는 각각 자기 이웃과 형제를 가르쳐 이르기를 여호와를 알라 하지 아니할 것이라 이는 내가 그들의 죄악을 사하고 그들의 죄를 다시 기억하지 아니할 것이기 때문이라
용서,어찌하여 네 형제의 눈 속에 있는 티는 보고 네 눈 속에 있는 들보는 깨닫지 못하느냐 네 눈 속에 들보를 빼낸 후에야 형제의 눈 속에서 티를 빼낼 수 있느니라
용서,그들의 죄와 불법을 다시 기억하지 아니하리라 하셨으니
용서,이러므로 내가 너희에게 이르노니 사람의 모든 죄와 모든 훼방은 사함을 얻되 성령을 훼방하는 죄는 사함을 얻지 못하리라
용서,이는 많은 사람을 위한 죄 사함을 얻게 하려고 많은 사람을 위한 죄 사함을 얻기 위해 흘리는 내 피니라
용서,서로 용납하며 누구든지 서로 불만이 있거든 용서하되 주께서 너희를 용서하신 것처럼 너희도 그리하라
용서,비판하지 말라 그리하면 너희가 비판받지 아니하리라 정죄하지 말라 그리하면 너희가 정죄받지 아니하리라 용서하라 그리하면 너희가 용서함을 받을 것이다
용서,너희가 누구를 용서하면 나도 용서하노니 내가 용서하는 것은 그를 위함이 아니라 너희를 위한 것이다
용서,예수께서 그들의 믿음을 보시고 중풍병자에게 이르시되 아들아 네 죄가 사해졌느니라
용서,긍휼히 여기는 자는 복이 있나니 그들이 긍휼히 여김을 받을 것이라
용서,하나님께서는 상한 심령과 통회하는 마음을 멸시하지 아니하시리라
용서,그러나 주께서는 용서가 풍성하시므로 우리가 주를 경외하리이다
용서,주 우리 하나님은 긍휼과 용서가 많으시며 우리는 그를 거역하였으나
용서,비판하지 말라 그리하면 너희가 비판받지 아니하리라 너희가 판단하는 그 판단으로 너희가 판단을 받을 것이며 너희가 헤아리는 그 헤아림으로 너희가 헤아림을 받을 것이다
용서,하나님과 같은 이가 누구인가 그는 죄악을 용서하시며 자기 백성의 죄를 덮어주시고 다시는 진노하지 아니하시며 기뻐하시며 용서하신다
용서,우리는 그리스도 안에서 그의 은혜로 구속과 죄 사함을 받았으니
용서,율법이 들어온 것은 범죄를 더하게 하려 함이었으나 죄가 많을수록 은혜가 더욱 넘쳤나니
용서,그 가운데 어떤 이들은 너희였으나 너희는 주 예수 그리스도의 이름과 우리 하나님의 성령 안에서 씻음과 거룩함과 의롭다 하심을 받았느니라
용서,다윗이 나단에게 이르되 내가 여호와께 죄를 범하였노라 나단이 다윗에게 이르되 여호와께서 네 죄를 사하셨으니 네가 죽지 아니하리라
용서,악인은 그의 길을 불의한 자는 그의 생각을 버리고 여호와께로 돌아오라 그가 우리를 극률히 여기시며 우리 하나님께로 돌아오라 그가 너그럽게 용서하시리라
용서,우리가 우리에게 죄 지은 자를 용서한 것 같이 우리 죄를 용서하시옵고
용서,주께서는 선하시고 용서하시며 모든 자에게 인자하심이 풍성하시니
용서,혹시 유다의 온 집이 듣고 각기 자기 악한 길에서 돌아와서 내가 그들에게 내 마음을 두고 용서하리라
용서,예물을 제단에 드리기 전에 형제와 사이에 문제가 있으면 먼저 가서 화해하고 그 후에 예물을 드리라
용서,너희가 형제에게 잘못을 범하면 경고하고 회개하면 용서하되 하루에 일곱 번이라도 그가 내게 잘못을 하고 일곱 번 돌아와 말하기를 내가 회개하노라 하면 너희는 용서하라
용서,나는 나를 위하여 네 허물을 도말하는 자라 네 죄를 기억하지 아니하리라
용서,그런즉 형제들아 너희가 알 것이라 이 사람을 통하여 죄 사함을 전파하노니
용서,내가 너를 불쌍히 여기었거늘 너는 네 동료를 불쌍히 여기지 아니하느냐
용서,예수께서 이르시되 나도 너를 정죄하지 아니하노니 가서 다시는 죄를 범하지 말라
용서,너희가 측량하는 그 측량기로 너희가 측량을 받을 것이며 너희가 흘려보내는 그 흘려보냄으로 너희가 흘려받을 것이다
용서,너희는 하나님의 택하신 자 거룩하고 사랑받는 자답게 품위 있는 자 친절하고 겸손하고 온유하고 오래 참으며 서로 용납하고 불만이 있으면 서로 용서하라
용서,네 모든 죄악을 용서하시며 네 모든 병을 고치시며
용서,여호와께서 말씀하시되 너희 죄가 붉을지라도 눈과 같이 희게 할 것이요 진홍빛 같을지라도 양털같이 하리라
용서,서로 친절하게 대하며 불쌍히 여기며 하나님께서 그리스도 안에서 너희를 용서하신 것처럼 서로 용서하라
용서,사랑은 오래 참으며 사랑은 온유하며 시기하지 아니하며 자랑하지 아니하며 교만하지 아니하며 무례히 행하지 아니하며 자기의 유익을 구하지 아니하며 쉽게 화내지 아니하며 악을 생각하지 아니하며 불의를 기뻐하지 아니하며 진리와 함께 기뻐하고 모든 것을 참으며 모든 것을 믿으며 모든 것을 바라며 모든 것을 견디느니라
용서,여호와여 만일 주께서 죄를 지켜보신다면 여호와여 누가 서리이까 그러나 주께는 용서가 있사오니 우리가 주를 경외하게 하시리이다
용서,너희가 그 은혜로 구원을 받았으니 이는 너희가 믿음으로 말미암은 것이요 너희에게서 난 것이 아니요 하나님의 선물이라
용서,나의 생각은 너희의 생각과 다르며 너희의 길은 나의 길과 다르니라 여호와의 말씀이니라
용서,무엇보다도 열심히 서로 사랑할지니 사랑은 허다한 죄를 덮느니라
용서,그 종이 주인의 마음을 감동시켜 그를 용서하게 하였고 그의 빚을 다 탕감하였다
용서,서 있을 때에 아무에게나 용서할 일이 있거든 용서하라 그래야 하늘에 계신 너희 아버지께서도 너희 죄를 용서하시리라
용서,그러나 인자가 땅에서 죄 사함 권세가 있다는 것을 너희로 알게 하려 하노라
용서,무릎을 꿇고 큰 소리로 주여 이 죄를 그들에게 돌리지 마옵소서 하고 이 말을 하고 자니라
용서,아들이 이르되 아버지 내가 하늘과 아버지께 죄를 지었사오니 이제는 아버지의 아들이라 칭함을 감당치 못하겠나이다 아버지가 종들에게 이르되 그의 옷을 제일 좋은 것으로 입히고 손에 가락지를 끼우고 발에 신을 신기라
용서,하물며 그리스도의 피로 말미암아 너희 양심을 정결하게 하여 죽은 행실에서 벗어나 하나님을 섬기게 하지 않겠느냐
용서,그러므로 우리가 믿음으로 의롭다 하심을 얻었으니 우리 주 예수 그리스도로 말미암아 하나님과 화평을 누리자
용서,우리를 구원하시되 우리가 행한 의로운 일들로 말미암지 아니하고 그의 긍휼하심을 따라 중생의 씻음과 성령의 새롭게 하심으로 하셨으니
용서,하나님이 그리스도 안에서 세상을 자기와 화목하게 하셨고 사람들의 죄를 그들에게 돌리지 아니하시고 화목하게 하는 말씀을 우리에게 부탁하셨느니라
용서,이는 많은 사람을 위한 죄 사함을 얻게 하려고 많은 사람을 위한 죄 사함을 얻기 위해 흘리는 내 피니라
용서,그러나 하나님은 자비가 풍성하셔서 그 큰 사랑으로 우리를 사랑하시되 우리가 죄로 죽었을 때에 그리스도와 함께 살리셨고
용서,나는 나를 위하여 네 허물을 도말하는 자라 네 죄를 기억하지 아니하리라
용서,그들의 죄와 불법을 다시 기억하지 아니하리라 하셨으니
용서,죄가 사함을 받은 자는 복이 있고 그 죄가 가려진 자는 복이 있으며 여호와께서 죄를 인정치 않으시고 그 영혼에 간사함이 없는 자는 복이 있도다
용서,그 아들 안에서 우리가 구속 곧 죄 사함을 얻었느니라
용서,이 사람에 대하여 모든 선지자도 증언하되 그를 믿는 사람은 누구든지 그의 이름을 통하여 죄 사함을 받는다 하였느니라
용서,너희는 하나님께로부터 나서 그리스도 예수 안에 있고 그리스도께서 우리에게 하나님께로 가는 길이 되어주셨고 하나님의 의와 거룩함과 구속이 되셨느니라
용서,네가 만일 네 입으로 예수를 주로 시인하며 하나님께서 그를 죽은 자 가운데서 살리신 것을 믿으면 구원을 얻으리라
용서,너희가 각각 마음으로 형제를 용서하지 아니하면 내 하늘 아버지께서도 너희에게 이와 같이 하시리라
용서,너희가 사람의 잘못을 용서하면 하늘에 계신 너희 아버지께서도 너희를 용서하시리라
용서,그 때 베드로가 나아와 말하되 주여 형제가 내게 죄를 범하면 내가 몇 번이나 그를 용서해야 하리이까 일곱 번까지 하오리이까 예수께서 이르시되 내가 네게 이르노니 일곱 번뿐 아니라 일곱 번을 일흔 번까지라도 하라
용서,너희가 누구를 용서하면 나도 용서하노니 내가 용서하는 것은 그를 위함이 아니라 너희를 위한 것이다
겸손,누구든지 자기를 높이는 자는 낮아질 것이요 자기를 낮추는 자는 높아지리라
겸손,젊은 자들아 이와 같이 장로들에게 순복하고 모든 사람은 겸손으로 서로 복종하라 하나님은 교만한 자를 물리치시고 겸손한 자에게 은혜를 주시느니라
겸손,아무 일에든지 이기적인 뜻이나 허영으로 하지 말고 겸손한 마음으로 각 사람을 자기보다 낫게 여깁니다
겸손,주 앞에서 낮추라 그리하면 그가 너희를 높이시리라
겸손,겸손한 자에게 정의를 가르치시며 겸손한 자를 인도하여 그 길을 가게 하시리로다
겸손,나는 마음이 온유하고 겸손하니 나의 멍에를 메고 내게 배우라 그리하면 너희 마음이 쉼을 얻을 것이라
겸손,여호와께서 네게 구하시는 것이 무엇이냐 정의를 행하며 인애를 사랑하며 겸손하게 네 하나님과 함께 행하는 것이 아니냐
겸손,예수께서 앉으시어 열두 제자를 불러 말씀하시되 누구든지 첫째가 되고자 하면 마지막이 되어 모든 사람을 섬기는 자가 되어야 하리라
겸손,네게 있는 것을 받지 아니한 것이 무엇이냐 받았은즉 왜 자랑하느냐 마치 받지 아니한 것처럼
겸손,내가 말하는 바는 너희가 마땅히 생각할 것보다 더 높이 생각하지 말고 오직 하나님이 각 사람에게 나누어 주신 믿음의 분량대로 생각하라
겸손,그러므로 누구든지 이 어린아이와 같이 자기를 낮추는 사람이 천국에서 큰 자니라
겸손,너희 중에 지혜와 겸손이 있는 자가 누구냐 선한 행실로 그의 지혜를 나타낼지니라
겸손,그러나 그가 내게 이르시되 내 은혜가 네게 족하도다 내 능력이 약한 데서 온전히 나타난다 하셨으므로 나는 더욱 기쁘게 내 약함을 자랑하리니 이는 그리스도의 능력이 내게 머물게 하려 함이라
겸손,여호와께서 겸손한 자를 일으키시며 악인들은 땅에 엎드러지게 하시느니라
겸손,너희 중에 큰 자는 너희를 섬기는 자가 될지니라
겸손,너희 안에 이 마음을 품으라 곧 그리스도 예수의 마음이니
겸손,그러나 온유한 자들은 땅을 차지하며 풍성한 평화를 즐기리로다
겸손,너희 중에 누구든지 첫째가 되고자 하면 종이 되어야 하며 인자가 온 것이 섬김을 받으려 함이 아니라 오히려 섬기려 하고 자기 목숨을 많은 사람의 대속물로 주려 함이니라
겸손,오직 마음의 숨은 사람을 존귀히 여기라 이는 하나님 앞에 값진 것이니라
겸손,내 영혼이 여호와를 자랑하리니 공의로운 자들이 듣고 기뻐하리로다
겸손,내 손이 이 모든 것을 지었으므로 여호와의 말씀이니라 그러나 내가 돌아보는 자는 마음이 겸손하고 심령이 통회하며 내 말을 두려워하는 자라
겸손,나는 너희가 나를 보면 두려워하며 내게 나아와 겸손하게 나가기를 원하노라
겸손,너희 중에 누구든지 큰 자가 되고자 하면 너희를 섬기는 자가 되어야 하며 인자도 섬김을 받으려 함이 아니라 오히려 섬기려 하고 자기 목숨을 많은 사람의 대속물로 주려 함이니라
겸손,그가 거만한 자를 멸시하시고 겸손한 자에게 은혜를 주시느니라
겸손,내가 주와 선생이 되어 너희 발을 씻었거든 너희도 서로 발을 씻어주라 내가 너희에게 본을 보였으니 나를 본받아 행하라
겸손,내가 주께 감사하오니 나를 지으심이 경이롭고 놀라우며 주의 일이 내 영혼이 잘 아나이다
겸손,온유한 자는 복이 있나니 그들이 땅을 기업으로 받을 것임이라
겸손,겸손과 여호와를 경외함의 보상은 부와 존귀와 생명이니라
겸손,높은 곳에 앉은 자와 거룩하고 존귀한 자가 이르시되 내가 높고 거룩한 곳에 거하며 또한 마음이 겸손하고 통회하는 자와 함께 거한다 그러면 내가 그들의 심령을 소생하게 하리라
겸손,의인은 흑암 중에 빛을 비추며 그가 은혜로우며 자비로우며 의로운 자라
겸손,여호와께서 네게 구하시는 것이 무엇이냐 정의를 행하며 인애를 사랑하며 겸손하게 네 하나님과 함께 행하는 것이 아니냐
겸손,모든 겸손과 온유로 오래 참음으로 사랑 가운데서 서로 용납하고
겸손,내가 너희에게 이르노니 이 사람이 아니라 저 사람이 의롭다 하심을 받고 그의 집에 돌아갔느니라 자기를 높이는 자는 낮아지고 자기를 낮추는 자는 높아지리라
겸손,너희가 알거니와 우리 주 예수 그리스도의 은혜를 그가 부요하신 분이었으나 너희를 위하여 가난하게 되신 그 은혜를 알거니와 이는 그의 가난으로 말미암아 너희를 부요하게 하려 하심이라
겸손,그러므로 너희는 하나님의 택하신 자 거룩하고 사랑받는 자답게 품위 있는 자 친절하고 겸손하고 온유하고 오래 참으며
겸손,겸손한 자에게 정의를 가르치시며 겸손한 자를 인도하여 그 길을 가게 하시리로다
겸손,예수께서는 사람의 모양으로 나타나셨고 자기를 낮추시고 죽기까지 복종하셨으니 곧 십자가에 죽으심이라
겸손,내가 나의 허물을 능히 깨닫지 못하면 나를 주의 종으로 삼지 마시고 은밀한 죄에서 나를 지켜주소서
겸손,서로 친절하게 대하며 불쌍히 여기며 하나님께서 그리스도 안에서 너희를 용서하신 것처럼 서로 용서하라
겸손,자랑하는 자는 자기가 자랑하는 것이 아니라 주 안에서 자랑하는 자가 되어야 한다
겸손,서로 마음을 같이 하여 교만하지 말고 도리어 낮은 사람들과 함께 처하며 스스로 지혜 있는 척하지 말라
겸손,교만에는 수치가 따르고 겸손한 자에게는 지혜가 있느니라
겸손,여호와를 경외하는 것이 지혜의 훈계요 겸손은 존귀의 앞잡이라
겸손,하나님께서 기뻐하시는 제사는 분향한 마음과 통회하는 심령이라
겸손,심령이 가난한 자는 복이 있나니 천국이 그들의 것임이라
겸손,교만은 패망의 선봉이요 거만한 마음은 넘어짐의 앞잡이라
겸손,사랑은 오래 참으며 사랑은 온유하며 시기하지 아니하며 자랑하지 아니하며 교만하지 아니하며
겸손,너희 중에 누구든지 큰 자가 되고자 하면 너희를 섬기는 자가 되어야 하며 인자도 섬김을 받으려 함이 아니라 오히려 섬기려 하고 자기 목숨을 많은 사람의 대속물로 주려 함이니라
겸손,나는 주의 계명들의 길을 즐거워하고 주의 법도를 따르기를 원하나이다
겸손,높은 곳에 앉으신 그분은 마음이 겸손하고 통회하는 자와 함께 거하신다
겸손,누구든지 자기를 높이는 자는 낮아질 것이요 자기를 낮추는 자는 높아지리라
겸손,내가 너희에게 이르노니 이 사람이 아니라 저 사람이 의롭다 하심을 받고 그의 집에 돌아갔느니라
겸손,그러나 그가 더 큰 은혜를 주시나니 그러므로 Scripture에 이르기를 하나님은 교만한 자를 대적하시고 겸손한 자에게 은혜를 주신다 하였느니라
겸손,그러므로 너희는 하나님께 택하심을 입은 자 거룩하고 사랑받는 자답게 겸손하고 온유하고 오래 참으며
겸손,내가 약할 때 그때가 바로 내가 강한 때라
겸손,여호와는 높은 자를 돌보시고 낮은 자를 멀리하지 아니하시며 교만한 자를 멀리하시리로다
겸손,그리스도를 경외함으로 서로 복종하라
겸손,여호와께서 겸손한 자를 높이시며 악인들은 땅에 엎드러지게 하시느니라
겸손,여호와께서 네게 구하시는 것이 무엇이냐 정의를 행하며 인애를 사랑하며 겸손하게 네 하나님과 함께 행하는 것이 아니냐
겸손,그러므로 누구든지 이 어린아이와 같이 자기를 낮추는 사람이 천국에서 큰 자니라
겸손,너희 안에 이 마음을 품으라 곧 그리스도 예수의 마음이니
겸손,내가 말하는 바는 너희가 마땅히 생각할 것보다 더 높이 생각하지 말고 오직 하나님이 각 사람에게 나누어 주신 믿음의 분량대로 생각하라
겸손,너희 중에 지혜와 겸손이 있는 자가 누구냐 선한 행실로 그의 지혜를 나타낼지니라
겸손,너희가 알거니와 우리 주 예수 그리스도의 은혜를 그가 부요하신 분이었으나 너희를 위하여 가난하게 되신 그 은혜를 알거니와 이는 그의 가난으로 말미암아 너희를 부요하게 하려 하심이라
겸손,내 손이 이 모든 것을 지었으므로 여호와의 말씀이니라 그러나 내가 돌아보는 자는 마음이 겸손하고 심령이 통회하며 내 말을 두려워하는 자라
겸손,내 영혼이 여호와를 자랑하리니 공의로운 자들이 듣고 기뻐하리로다
겸손,하나님께서 기뻐하시는 제사는 분향한 마음과 통회하는 심령이라
겸손,온유한 자는 복이 있나니 그들이 땅을 기업으로 받을 것임이라
겸손,너희 중에 큰 자는 너희를 섬기는 자가 될지니라
겸손,사랑은 오래 참으며 사랑은 온유하며 시기하지 아니하며 자랑하지 아니하며 교만하지 아니하며
겸손,자랑하는 자는 자기가 자랑하는 것이 아니라 주 안에서 자랑하는 자가 되어야 한다
겸손,교만은 패망의 선봉이요 거만한 마음은 넘어짐의 앞잡이라
겸손,모든 겸손과 온유로 오래 참음으로 사랑 가운데서 서로 용납하고
겸손,내가 주께 감사하오니 나를 지으심이 경이롭고 놀라우며 주의 일이 내 영혼이 잘 아나이다
겸손,나는 마음이 온유하고 겸손하니 나의 멍에를 메고 내게 배우라 그리하면 너희 마음이 쉼을 얻을 것이라
겸손,서로 마음을 같이 하여 교만하지 말고 도리어 낮은 사람들과 함께 처하며 스스로 지혜 있는 척하지 말라
겸손,그리스도를 경외함으로 서로 복종하라
겸손,너희 중에 누구든지 큰 자가 되고자 하면 너희를 섬기는 자가 되어야 하며 인자도 섬김을 받으려 함이 아니라 오히려 섬기려 하고 자기 목숨을 많은 사람의 대속물로 주려 함이니라
겸손,겸손한 자에게 정의를 가르치시며 겸손한 자를 인도하여 그 길을 가게 하시리로다
겸손,그러나 온유한 자들은 땅을 차지하며 풍성한 평화를 즐기리로다
겸손,높은 곳에 앉으신 그분은 마음이 겸손하고 통회하는 자와 함께 거하신다
겸손,여호와께서 네게 구하시는 것이 무엇이냐 정의를 행하며 인애를 사랑하며 겸손하게 네 하나님과 함께 행하는 것이 아니냐
겸손,겸손과 여호와를 경외함의 보상은 부와 존귀와 생명이니라
겸손,내가 약할 때 그때가 바로 내가 강한 때라
겸손,의인은 흑암 중에 빛을 비추며 그가 은혜로우며 자비로우며 의로운 자라
겸손,내가 나의 허물을 능히 깨닫지 못하면 나를 주의 종으로 삼지 마시고 은밀한 죄에서 나를 지켜주소서
겸손,여호와는 높은 자를 돌보시고 낮은 자를 멀리하지 아니하시며 교만한 자를 멀리하시리로다
겸손,그러므로 너희는 하나님께 택하심을 입은 자 거룩하고 사랑받는 자답게 겸손하고 온유하고 오래 참으며
겸손,그러나 온유한 자들은 땅을 차지하며 풍성한 평화를 즐기리로다
겸손,너희 중에 누구든지 첫째가 되고자 하면 종이 되어야 하며 인자도 섬김을 받으려 함이 아니라 오히려 섬기려 하고 자기 목숨을 많은 사람의 대속물로 주려 함이니라
겸손,교만에는 수치가 따르고 겸손한 자에게는 지혜가 있느니라
겸손,심령이 가난한 자는 복이 있나니 천국이 그들의 것임이라
겸손,주 앞에서 낮추라 그리하면 그가 너희를 높이시리라
겸손,자랑하는 자는 주 안에서 자랑하라
겸손,겸손한 자에게 정의를 가르치시며 겸손한 자를 인도하여 그 길을 가게 하시리로다
겸손,네게 있는 것을 받지 아니한 것이 무엇이냐 받았은즉 왜 자랑하느냐 마치 받지 아니한 것처럼
겸손,여호와께서 겸손한 자를 높이시며 악인들은 땅에 엎드러지게 하시느니라
겸손,여호와께서 네게 구하시는 것이 무엇이냐 정의를 행하며 인애를 사랑하며 겸손하게 네 하나님과 함께 행하는 것이 아니냐
겸손,나는 마음이 온유하고 겸손하니 나의 멍에를 메고 내게 배우라 그리하면 너희 마음이 쉼을 얻을 것이라
겸손,내 손이 이 모든 것을 지었으므로 여호와의 말씀이니라 그러나 내가 돌아보는 자는 마음이 겸손하고 심령이 통회하며 내 말을 두려워하는 자라
기쁨,주 안에서 항상 기뻐하라 내가 다시 말하노니 기뻐하라
기쁨,눈물을 흘리며 씨를 뿌린 자는 기쁨으로 거두리로다
기쁨,소망 중에 즐거워하며 환난 중에 참고 기도에 항상 힘쓰며
기쁨,성령의 열매는 사랑과 희락과 화평과 오래 참음과 자비와 양선과 충성
기쁨,의인들아 여호와 안에서 기뻐하며 즐거워하라 마음이 정직한 자들아 다 즐거워하라
기쁨,내가 이것을 너희에게 말한 것은 내 기쁨이 너희 안에 있고 너희 기쁨이 충만하게 하려 함이라
기쁨,주께서 생명의 길을 내게 보이시니 주의 앞에는 풍성한 기쁨이 있고 주의 우편에는 영원한 즐거움이 있나이다
기쁨,너희는 기쁨과 함께 나가며 평안히 인도함을 받으며 산들과 작은 산들이 너희 앞에서 노래할 것이며 들의 모든 나무가 손뼉을 칠 것이며
기쁨,주의 구원의 즐거움을 내게 회복시키시고 자원하는 심령을 주시옵소서
기쁨,이 세상의 부한 자들에게 명하여 마음을 높이지 말고 정욕에 빠지지 말며 오직 살아 계신 하나님을 의뢰하라
기쁨,우리가 이 글을 쓴 것은 우리의 기쁨이 충만하게 하려 함이라
기쁨,내가 전심으로 여호와께 감사하며 주의 모든 기이한 일을 전하리이다
기쁨,그러나 주께 피하는 모든 자는 기뻐하고 영원히 즐거워하며 주를 사랑하는 자는 기쁨으로 나가리이다
기쁨,여호와께서 구속하신 자들이 돌아오되 노래하며 시온에 이르리니 그들의 머리에는 영원한 기쁨이 있고 기쁨과 즐거움이 그들 앞에 있으며 슬픔과 탄식은 달아나리로다
기쁨,믿음의 주요 또 온전하게 하시는 이인 예수를 바라보자 그는 자기 앞에 있는 기쁨을 위하여 십자가를 참으시고 부끄러움을 게을리 하지 않으시며 하나님 보좌 우편에 앉으셨느니라
기쁨,나를 찾는 자들로 인해 기뻐하고 즐거워하며 주를 찾는 자들도 항상 말하기를 하나님을 찬송하라 하리이다
기쁨,소망의 하나님이 모든 기쁨과 평강을 믿음 안에서 너희에게 넘치게 하시기를 원하노니 성령의 능력으로 소망이 넘치게 하시기를 원하노라
기쁨,그를 향하여 바라보는 자들은 기뻐하고 그들의 얼굴에 부끄러움이 없으리로다
기쁨,내가 여호와로 인하여 크게 기뻐하며 내 하나님으로 인하여 즐거워하리니 그는 내게 구원의 옷을 입히시고 의의 겉옷을 입히시며 신랑이 신부를 꾸미듯 내게 꾸미셨기 때문이라
기쁨,주인이 그에게 이르되 잘 하였도다 착하고 충성된 종아 네가 작은 일에 충성하였으니 내가 많은 것을 네게 맡기리라 네 주인의 즐거움에 참여하라
기쁨,각 사람은 자기의 일을 점검하고 그가 자랑할 것이 있으면 자랑할 수 있게 하되 남을 두고 자랑하지 말라
기쁨,이는 여호와께서 정하신 날이라 이 날에 우리가 기뻐하고 즐거워하리로다
기쁨,하나님의 나라는 먹고 마시는 것이 아니요 오직 성령 안에서 의와 평강과 기쁨이라
기쁨,각각 그 마음에 정한 대로 할 것이요 인색함이나 억지로 하지 말지니 하나님은 즐겨 내는 자를 사랑하시느니라
기쁨,그때까지 너희가 아무 것도 내게 구하지 아니하였으나 구하라 그리하면 받으리니 너희 기쁨이 충만하게 되리라
기쁨,사랑은 불의를 기뻐하지 아니하고 진리와 함께 기뻐하느니라
기쁨,신랑을 맞이하는 자는 신랑의 친구로서 신랑의 음성을 듣고 크게 기뻐하나니 이 기쁨이 내게 충만하였도다
기쁨,예수께서 들으시고 이르시되 건강한 자에게는 의사가 필요 없고 병든 자에게라야 필요하니라 내가 의인을 부르러 온 것이 아니요 죄인을 부르러 왔노라
기쁨,의인들은 기뻐하고 즐거워하며 하나님의 앞에서 뛰놀며 즐거워하리로다
기쁨,내가 주 안에서 크게 기뻐한 것을 너희가 알게 되었으니 너희가 내게 부족함을 보충하려고 이제 다시 나를 생각하였음이라
기쁨,내 입술이 주의 의를 말하며 주의 구원을 종일토록 외치리니 내가 이 말을 알지 못하는 일이 없기 때문이다
기쁨,내가 예루살렘에서 기쁨과 그 백성에서 즐거움을 얻을 것이라
기쁨,너희가 나로 인하여 핍박을 받으면 기뻐하고 즐거워하라 하늘에서 너희의 상이 큼이라 너희 이전의 선지자들도 이같이 핍박을 받았느니라
기쁨,내가 사람들과 함께 가서 하나님의 집에 가는 소리를 들으며 기쁨과 감사의 음성으로 그들과 함께 축제하였도다
기쁨,그리하면 내가 하나님의 제단에 나아가 내 기쁨의 하나님께 나아가리니 오 하나님 내 하나님이시여
기쁨,내가 떠나는 것을 너희가 듣고 기뻐하리니 내가 아버지께로 가는 것이라 이는 아버지가 나보다 크심이라
기쁨,우리가 그를 의지하고 기뻐하였으니 그의 거룩한 이름을 의뢰하였음이라
기쁨,시와 찬미와 신령한 노래들로 서로 화답하며 너희 마음으로 주께 노래하며 찬송하며
기쁨,여호와를 구하는 자들이 기뻐하고 즐거워하게 하시며 주를 찾는 너희는 항상 말하기를 여호와를 자랑하라 하리이다
기쁨,나의 형제들아 주 안에서 기뻐하라 내가 같은 것을 너희에게 쓰는 것이 나에게는 수고가 되지 아니하고 너희에게는 안전함이라
기쁨,너희가 갇힌 자의 동참자가 된 것을 기억하라 너희가 재산을 빼앗기기도 하였으나 기뻐하였으니 이는 너희가 더 나은 부귀와 영원한 것을 가지고 있다는 것을 앎이라
기쁨,거두는 자는 삯을 받으며 영생에 이를 열매를 모은다 이는 심는 자와 거두는 자가 함께 기뻐하려 함이라
기쁨,주의 증거들이 내 마음의 기쁨이요 내 소유가 되었나이다
기쁨,다만 이것뿐만 아니라 우리가 환난 중에도 기뻐하나니 이는 환난이 인내를 인내는 연단을 연단은 소망을 이루는 줄 알기 때문이라
기쁨,주께서 내 원수의 목전에서 내게 상을 차려 주시고 내 머리에 기름을 부으셨으니 내 잔이 넘치나이다
기쁨,그리하면 너는 여호와 안에서 기뻐할 것이며 내가 너를 땅의 높은 곳에 인도하여 네 조상 야곱의 유업을 먹이리라 여호와의 입이 이것을 말하였느니라
기쁨,예수께서 일어나사 바람을 꾸짖으시며 조용하라 잠잠하라 하시니 바람이 그치고 매우 고요하게 되더라 제자들이 서로 말하되 이 사람이 누구인가 바람과 바다도 순종하는도다 하더라
기쁨,날마다 우리를 위해 복을 주시는 주 하나님을 찬송할지로다 셀라
기쁨,주께서 기름을 부으신 자 곧 하나님이시며 그를 기뻐하시는 왕이라
기쁨,내가 너희를 항상 내 기도에 기억하며 기쁨으로 기도하나니
기쁨,내 머리를 내 원수들의 주위에서 들리게 하시며 그가 나에게 화목제사를 드리게 하시리니 내가 그의 장막에서 기뻐하며 여호와를 찬송할 것이다
기쁨,슬픔에 있는 자에게 꽃을 주어 그들을 즐겁게 하며 근심하는 자에게 기쁨의 기름을 주어 그들을 위로하며 그들을 위로하는 기름을 주어 그들의 슬픔을 대신하리라
기쁨,내 영혼아 여호와를 송축하라 그의 모든 은혜를 잊지 말라
기쁨,그러나 여호와를 의뢰하는 자들은 기뻐하고 영원히 즐거워하며 주를 사랑하는 자들은 기쁨으로 나가리이다
기쁨,천국은 마치 자기의 소유를 감추어 놓은 보물과 같으니 사람이 그것을 발견하고 기쁨으로 돌아가서 자기의 소유를 다 팔아 그 밭을 사느니라
기쁨,이 말을 하시고 그들의 눈에 손과 옆구리를 보이시니 제자들이 주를 보고 기뻐하더라
기쁨,여호와의 법은 완전하여 영혼을 소생시키며 여호와의 증거는 확실하여 우매한 자를 지혜롭게 하며
기쁨,그들은 예수의 이름을 위하여 능욕을 받는 자로 기뻐하며 떠났고
기쁨,할렐루야 우리 하나님께 감사하며 우리 하나님을 찬양하라
기쁨,온 땅이여 여호와께 기쁨으로 소리치며 즐거운 노래로 찬송할지어다
기쁨,의인들은 여호와 안에서 기뻐하고 즐거워하며 마음이 정직한 자들아 다 기뻐하라
기쁨,우리가 구하거나 생각하는 모든 것 이상으로 능히 하실 이에게 그에게 영광이 교회와 그리스도 예수 안에서 세세토록 있을지어다 아멘
기쁨,여호와를 경외하는 자는 기쁨을 얻으며 그의 길에서 행하는 자는 기쁨이 넘칠 것이다
기쁨,여호와의 구속을 받은 자들이 돌아오며 기쁨으로 시온에 이르리니 그들의 머리에는 영원한 기쁨이 있고 기쁨과 즐거움이 그들 앞에 있으며 슬픔과 탄식은 달아나리로다
기쁨,의인들의 장막에서 기쁨과 구원의 소리가 나며 여호와의 오른손이 능력을 베푸시도다
기쁨,주 안에서 항상 기뻐하라 내가 다시 말하노니 기뻐하라
기쁨,우리는 그를 의지하고 기뻐하였으니 그의 거룩한 이름을 의뢰하였음이라
기쁨,너희가 만민과 함께 즐거워하고 기뻐하라
기쁨,여호와께서 주의 일을 인하여 나를 기쁘게 하셨으니 주의 손이 행하신 일로 내가 즐거워하리이다
기쁨,그 어린 양이 길을 잃으면 자기가 길을 잃은 그 양을 기뻐하며 찾으리라
기쁨,내 영혼이 여호와로 인하여 기뻐하고 즐거워하며 그의 구원으로 인하여 찬송하리로다
기쁨,내가 복음을 전할지라도 자랑할 것이 없나니 이는 내게 부득불 할 일임이라 내가 이 일을 하지 아니하면 화가 나리라
기쁨,내가 말하기를 여호와의 집에 올라가자 할 때 기쁨이 내게 넘치더라
기쁨,신랑을 맞이하는 자는 신랑의 친구로서 신랑의 음성을 듣고 크게 기뻐하나니 이 기쁨이 내게 충만하였도다
기쁨,눈물을 흘리며 씨를 뿌린 자는 기쁨으로 거두리로다
기쁨,각 사람이 마음에 정한 대로 할 것이요 인색함이나 억지로 하지 말지니 하나님은 즐겨 내는 자를 사랑하시느니라
기쁨,여호와가 통치하시나니 땅은 기뻐하고 많은 섬은 즐거워할지어다
기쁨,나는 선한 싸움을 싸우고 믿음을 지켰으니 이제 나를 위하여 의의 멸류관이 예비되어 있느니라
기쁨,너희는 대신에 기쁨의 옷을 입을 것이며 슬픔의 영을 대신하여 기쁨의 기름을 받을 것이며 이는 그들이 의의 나무로 불리워져 여호와께서 심으신 나무라
기쁨,주의 구원의 즐거움을 내게 회복시키시고 자원하는 심령을 내게 주옵소서
기쁨,믿음의 주요 또 온전하게 하시는 이인 예수를 바라보자 그는 자기 앞에 있는 기쁨을 위하여 십자가를 참으시고 부끄러움을 게을리 하지 않으시며 하나님 보좌 우편에 앉으셨느니라
기쁨,예수께서 그들에게 말씀하시되 내 마음이 매우 고민하여 죽을 지경이라 너희는 여기서 기다리며 깨어 있으라
기쁨,내가 주의 말씀을 얻은 것을 기뻐하며 많은 재물을 얻은 것보다 더 기쁘다
기쁨,여호와께서 구속하신 자들이 돌아오며 노래하며 시온에 이르리니 그들의 머리에는 영원한 기쁨이 있고 기쁨과 즐거움이 그들 앞에 있으며 슬픔과 탄식은 달아나리로다
기쁨,주의 증거들이 내 마음의 기쁨이요 내 소유가 되었나이다
기쁨,내가 스테바나와 그의 집 사람들과 아가이아 사람들의 방문을 기뻐하니 그들이 너희의 부족한 것을 보충하였음이라
기쁨,이제 너희는 잠시 슬퍼하나 내가 다시 너희를 만나면 너희 마음이 기쁨으로 충만하게 될 것이며 그 기쁨은 아무도 빼앗지 못하리라
기쁨,그러므로 내 사랑하고 사모하는 형제들 나의 기쁨이요 면류관인 자들아 이와 같이 주 안에서 굳건하게 서라
기쁨,강과 모든 물이 손뼉을 치며 산들도 기쁨으로 함께 노래할지어다
기쁨,여호와를 경외하는 것이 지혜의 근본이라 그 계명을 지키는 자는 분별력이 있나니 그의 찬송은 영원히 있느니라
기쁨,사랑은 불의를 기뻐하지 아니하고 진리와 함께 기뻐하느니라
기쁨,너희가 나로 인하여 핍박을 받으면 기뻐하고 즐거워하라 하늘에서 너희의 상이 큼이라 너희 이전의 선지자들도 이같이 핍박을 받았느니라
기쁨,우리가 그를 의지하고 기뻐하였으니 그의 거룩한 이름을 의뢰하였음이라
기쁨,너희는 기쁨과 함께 나가며 평안히 인도함을 받으며 산들과 작은 산들이 너희 앞에서 노래할 것이며 들의 모든 나무가 손뼉을 칠 것이며
기쁨,나를 찾는 자들로 인해 기뻐하고 즐거워하며 주를 찾는 자들도 항상 말하기를 하나님을 찬송하라 하리이다
기쁨,그러나 주께 피하는 모든 자는 기뻐하고 영원히 즐거워하며 주를 사랑하는 자는 기쁨으로 나가리이다
기쁨,이는 여호와께서 정하신 날이라 이 날에 우리가 기뻐하고 즐거워하리로다
기쁨,주께서 생명의 길을 내게 보이시니 주의 앞에는 풍성한 기쁨이 있고 주의 우편에는 영원한 즐거움이 있나이다
기쁨,내 의도와 내 마음이 여호와께 기쁨이 되기를 원하나이다
기쁨,그들이 주의 집에서 풍성한 기쁨을 먹으며 주의 성전에서 강림하시는 빛을 따라 기뻐하리로다
보호,여호와는 나의 반석이시요 나의 요새시요 나를 건지시는 이시요 나의 하나님 내가 의뢰할 나의 방패 나의 구원의 뿔 나의 높은 망대시로다
보호,그가 너를 그의 깃으로 덮으시리니 네가 그의 날개 아래 피하리로다 그의 진실함은 방패와 손방패가 되리라
보호,여호와는 나의 목자시니 내게 부족함이 없으리로다 그가 나를 푸른 풀밭에 누이시며 잔잔한 물가로 인도하시고 내 영혼을 소생시키시며 그의 이름을 위하여 의의 길로 인도하시도다
보호,두려워하지 말라 내가 너와 함께 함이라 놀라지 말라 나는 네 하나님이 되리라 내가 너를 강하게 하리라 참으로 내가 너를 도와주리라 참으로 나의 의로운 오른손으로 너를 붙들리라
보호,여호와는 너를 지키시며 네 발이 미끄러지지 않게 하시며 너를 지키시며 졸지 않으시리라 이스라엘을 지키시는 이는 졸지도 아니하시며 주무시지도 아니하시리로다
보호,어떤 무기도 너를 이기지 못하리라 너를 향하여 일어나는 모든 혀는 정죄를 받을 것이니 이는 여호와의 종들의 유업이요 그들의 의는 나에게서 나오는 것이라
보호,여호와의 사자가 주를 경외하는 자를 두루 에워싸고 그들을 건지시도다
보호,여호와는 나의 빛이요 나의 구원이시니 내가 누구를 두려워하리요 여호와는 내 생명의 힘이시니 내가 누구를 무서워하리요
보호,네가 물 가운데로 지날 때에 내가 함께할 것이라 강을 건널 때에 물이 너를 침몰시키지 못할 것이며 불 가운데로 지날 때에 너는 타지 아니할 것이며 불꽃이 너를 사르지 못하리라
보호,주는 나의 은신처가 되시며 환난에서 나를 보호하시고 구원의 기쁨으로 나를 둘러싸시리이다
보호,내가 그들에게 영생을 주노니 그들은 영원히 멸망하지 아니할 것이요 아무도 그들을 내 손에서 빼앗을 수 없느니라
보호,여호와는 너를 지키시는 이시라 여호와는 네 오른쪽에서 네 그늘이 되시니
보호,우리를 시험에 들게 하지 마시옵고 다만 악에서 구하시옵소서
보호,하나님은 우리의 피난처시요 힘이시며 어려서 찾을 큰 도움이시라
보호,주께서 피난처가 되시며 고통 중에 있는 자에게 도피처가 되시며 폭풍과 더위를 피하게 하시며 노략질을 피하게 하시리라
보호,그러나 여호와를 의뢰하는 자는 기뻐하고 영원히 즐거워하며 주를 사랑하는 자는 기쁨으로 나가리이다
보호,우리가 하나님께로 난 줄을 알며 그 악한 자가 우리를 만지지도 못하는 줄을 알리라
보호,여호와께서는 자기에게 부르짖는 모든 자 곧 진실하게 부르짖는 모든 자에게 가까이 하시도다
보호,여호와를 의뢰하는 자는 은혜로 그를 둘러싸시며 그가 보호하시리로다
보호,피곤한 자에게 능력을 주시며 무능한 자에게 힘을 더하시느니라 소년들도 피곤하고 곤비하나 여호와를 바라는 자는 새 힘을 얻을 것이며 독수리 날개치며 올라갈 것이며 달려가도 곤비하지 아니하고 걸어가도 피곤하지 아니하리라
보호,여호와께서 너를 지키시리라 네 출입을 지금부터 영원까지 지키시리로다
보호,하나님은 그의 길이 완전하시고 여호와의 말씀은 순수하며 그는 자기에게 피하는 자들에게 방패시라
보호,그가 너를 위하여 그의 천사들을 명령하셔서 네 모든 길에서 너를 지키게 하시리라
보호,여호와의 이름이 두려운 것은 서쪽에서 그의 영광은 동쪽에서 나타날 것이며 그가 원수를 대적하시고 그들을 향해 일어나시리로다
보호,환난 날에 그가 나를 그의 초막 속에 숨기시며 그의 장막의 은밀한 곳에 나를 숨기시고 반석 위에 나를 높이시리로다
보호,그가 높이 오르며 그를 숨길 곳이 있을 것이라 그의 양식은 안전하고 그의 물은 끊어지지 아니하리로다
보호,내가 여호와를 향하여 말하기를 그는 나의 피난처요 나의 요새시며 내가 의뢰할 나의 하나님이시로다
보호,내가 비옵는 것은 그들을 세상에서 데려가시기를 원함이 아니요 오히려 그들을 악에서 보호하시기를 원함이니이다
보호,내가 평안히 눕고 자기도 하리니 오직 여호와께서 나를 안전히 살게 하심이로다
보호,네가 네 생명을 얻을 것이라 내가 너를 칼에 넘어지지 않게 하고 내 손에서 구원하여 이 땅에 살아남게 하리라
보호,내가 사망의 음침한 골짜기로 다닐지라도 해를 두려워하지 아니할 것은 주께서 나와 함께 하심이라 주의 지팡이와 막대기가 나를 안위하시나이다
보호,네가 여호와를 네 피난처로 삼으며 지존자를 네 거처로 삼았으면 재앙이 네게 임하지 아니하며 재난이 네 장막에 가까이 오지 못하리니
보호,그가 내 발을 사슴과 같게 하시며 나를 높은 곳에 세우시며
보호,여호와는 우리의 방패시요 이스라엘의 거룩하신 이시로다
보호,그가 양떼를 먹이듯 자기의 양떼를 먹이시며 어린 양은 그의 팔로 품으시며 젖 먹이는 암양을 인도하시리로다
보호,낮의 해가 너를 상하게 하지 아니하며 밤의 달도 너를 해하지 아니하리로다
보호,여호와가 예루살렘을 보호하시리니 새가 날개를 펼쳐 새끼를 보호함과 같이 여호와께서 예루살렘을 보호하시리라 그가 구원하시며 건지시며 지나가게 하시며 그를 부수리라
보호,내가 두려워할 때에 주를 의지하리이다
보호,내가 주 안에서 큰 능력을 얻었으니 내가 내 원수들을 피하며 싸울 수 있느니라
보호,만군의 여호와께서 우리와 함께 하시니 야곱의 하나님은 우리의 피난처시로다
보호,여호와께서 그의 모든 군대에 불꽃을 보내어 그의 지팡이를 피하게 하시리라
보호,너희가 감당할 수 있는 시험 외에는 아무 시험도 너희에게 임하지 아니하였고 하나님은 미쁘사 너희가 감당할 수 있는 시험만 주시며 시험당할 때 피할 길을 주시나니
보호,그는 악한 말을 듣지 않고 두려워하지 않으며 그의 마음은 여호와를 의지하여 안정되리로다
보호,주께서 나를 그늘로 보호하시고 내 손을 피하게 하시며
보호,하나님의 전신갑주를 입으라 이는 너희가 마귀의 간계를 능히 대적하기 위함이라
보호,내가 여호와를 간구하였더니 그가 내게 응답하시고 내 모든 두려움에서 나를 건지셨도다
보호,너희는 기쁨과 함께 나가며 평안히 인도함을 받으며 산들과 작은 산들이 너희 앞에서 노래할 것이며 들의 모든 나무가 손뼉을 칠 것이며
보호,그러므로 우리는 두려워하지 아니하리니 땅이 변하며 산이 바다 가운데로 옮겨져도
보호,주는 나의 피난처요 나의 방패시라 나는 주의 말씀을 기다리나이다
보호,네 땅에서 더 이상 포악이나 파괴가 없으며 네 경계 내에서 슬픔이나 탄식이 더 이상 없으리로다
보호,그가 나를 부를 때에 내가 응답하고 환난 중에 그와 함께 있으며 그를 영화롭게 하리라
보호,나는 주의 힘을 노래하며 아침마다 주의 인자하심을 찬송하리이다 주는 나의 요새시요 고난 날에 나의 피난처시로다
보호,산들이 예루살렘을 둘렀듯이 여호와께서 그의 백성을 보호하시리로다
보호,내가 너의 하나님 여호와가 되어 너의 오른손을 잡고 너에게 말하기를 두려워하지 말라 내가 너를 도우리라
보호,그가 너를 새의 올무에서 파멸할 때의 질병에서 건지시리로다
보호,나의 영혼을 옥에서 이끌어내소서 내가 주의 이름을 찬송하리니 의인들이 나를 둘러싸리라
보호,두려워하지 말라 내가 너와 함께 함이라 동서남북에서 네 자손을 불러 모을 것이다
보호,하나님은 나의 구원이시요 나의 영광이시요 나의 힘의 반석이시로다
보호,천 명이 네 왼편에서 만 명이 네 오른편에서 엎드려지라도 너에게는 가까이 오지 못하리라
보호,그들의 모든 고통에 그가 고통을 받으셨고 그의 사자도 그들을 구원하였으며 그가 그의 사랑과 긍휼로 그들을 구속하셨다
보호,내가 환난 날에 네게 부르짖으리니 주께서 나를 응답하시고 나를 보호하시리이다
보호,두 마리 참새가 한 아사리온에 팔리나니 너희 아버지께서 허락지 아니하시면 그 하나도 땅에 떨어지지 아니하리라 너희는 많은 참새보다 귀한 자들이라
보호,나의 평생에 선하심과 인자하심이 나를 따르리니 내가 여호와의 집에 영원히 거하리로다
보호,여호와는 우리의 재판장이시요 여호와는 우리의 입법자가시요 여호와는 우리의 왕이시니 그가 우리를 구원하시리로다
보호,여호와께서 넘어지는 자들을 붙드시며 비틀거리는 자들을 일으키시리로다
보호,여호와는 압제당하는 자의 피난처시요 환난 중에 있는 자의 요새시로다
보호,여호와께서 말씀하시되 보라 내가 네 원수를 네 손에서 건져낼 것이며 네 자녀를 구원할 것이다
보호,여호와는 나의 힘이시요 나의 방패시니 내 마음이 그를 의지하고 나를 구원하셨도다
보호,여호와는 그들을 돕고 건지시며 악인의 손에서 그들을 건지시리로다
보호,내가 지극히 높으신 하나님께 피할 때 그가 나를 보호하시리로다
보호,내가 환난 날에 주께 부르짖었더니 주께서 나를 응답하시고 내 영혼을 능력으로 구원하셨나이다
보호,여호와는 나의 반석이시요 나의 요새시요 나를 건지시는 이시요 나의 하나님 내가 의뢰할 나의 방패 나의 구원의 뿔 나의 높은 망대시로다
보호,여호와여 내가 주께 부르짖을 때 내 목소리를 들으소서 내가 주께 기도하리니 주의 얼굴을 내게 숨기지 마시고 주의 종을 떠나지 마시옵소서
보호,산과 언덕이 떠나갈지라도 나의 인자하심은 너를 떠나지 아니하며 나의 평강의 언약은 변치 아니하리라 여호와께서 말씀하시느니라
보호,그가 너를 그의 깃으로 덮으시리니 네가 그의 날개 아래 피하리로다 그의 진실함은 방패와 손방패가 되리라
보호,주께서 피난처가 되시며 고통 중에 있는 자에게 도피처가 되시며 폭풍과 더위를 피하게 하시며 노략질을 피하게 하시리라
보호,그는 악한 말을 듣지 않고 두려워하지 않으며 그의 마음은 여호와를 의지하여 안정되리로다
보호,여호와께서 고통당하는 자를 보호하시며 고아와 과부를 돌보시고 악인의 길은 굽게 하시리로다
보호,두려워하지 말라 내가 너와 함께 함이라 놀라지 말라 나는 네 하나님이 되리라 내가 너를 강하게 하리라 참으로 내가 너를 도와주리라 참으로 나의 의로운 오른손으로 너를 붙들리라
보호,여호와는 너를 지키시는 이시라 여호와는 네 오른쪽에서 네 그늘이 되시니
보호,주는 나의 은신처가 되시며 환난에서 나를 보호하시고 구원의 기쁨으로 나를 둘러싸시리이다
보호,보라 내가 너를 내 손바닥에 새기고 너의 성벽을 항상 내 앞에 두었느니라
보호,그가 내 발을 사슴과 같게 하시며 나를 높은 곳에 세우시며
보호,천 명이 네 왼편에서 만 명이 네 오른편에서 엎드려지라도 너에게는 가까이 오지 못하리라
보호,여호와의 선하심은 자기를 경외하는 자에게 많고 그의 뜻을 기다리는 자에게 넘치도다
보호,내가 지극히 높으신 하나님께 피할 때 그가 나를 보호하시리로다
보호,그들의 모든 고통에 그가 고통을 받으셨고 그의 사자도 그들을 구원하였으며 그가 그의 사랑과 긍휼로 그들을 구속하셨다
보호,내 부모는 나를 버렸으나 여호와께서 나를 영접하시리로다
보호,하나님 주의 인자하심은 어찌 그리 보배롭고 인류가 주의 날개 그늘 아래 피하나이다
보호,하나님은 나의 구원이시요 나의 영광이시요 나의 힘의 반석이시로다
보호,여호와여 주는 나의 방패시요 나의 영광이시요 나의 머리를 드시는 이시로다
보호,피곤한 자에게 능력을 주시며 무능한 자에게 힘을 더하시느니라
보호,주는 나의 피난처요 나의 방패시라 나는 주의 말씀을 기다리나이다
보호,내가 너의 하나님 여호와가 되어 너의 오른손을 잡고 너에게 말하기를 두려워하지 말라 내가 너를 도우리라
보호,여호와를 사랑하는 너희들아 여호와를 의지하라 여호와는 충실한 자를 강하게 하시리라
보호,내가 두려워할 때에 주를 의지하리이다
보호,여호와께서 너를 지키시리라 네 출입을 지금부터 영원까지 지키시리로다
보호,하나님은 의로우시며 하나님은 마음이 정직한 자를 구원하시리로다
보호,내가 너를 위해 모든 길을 평탄케 하며 너의 큰 성문들을 열고 너의 문을 닫지 않으리라
보호,여호와께서 나를 위하여 이루시리라 여호와여 주의 인자하심이 영원하시므로 주의 손으로 이루시리이다
부흥,그러므로 너희가 회개하고 돌이켜 너희 죄 없이 함을 얻으라 그리하면 새롭게 되는 날이 주 앞에서 이를 것이요
부흥,높은 곳에 거하시며 거룩한 곳에 거하시는 이가 이같이 말하시되 나는 마음이 상하고 겸손한 자와 함께 거하며 겸손한 자의 마음을 소생시키며 상한 자의 마음을 소생시키리라
부흥,내가 너희에게 사른 해를 갚을 것이며 그 해는 너희에게 많은 열매를 가져다주리라
부흥,주여 주의 백성을 새롭게 하시며 우리가 주의 얼굴을 구하오니 주의 백성을 구원하시리라
부흥,주여 하늘을 열고 내려오셔서 주의 적들이 주의 앞에서 떨게 하소서
부흥,그가 내게 이르시되 인자야 바람을 향하여 예언하여 그들에게 숨을 불어넣으라 그들이 살아나리라
부흥,하나님이 이르시되 말세에 내가 내 영을 모든 육체에게 부어 주리니 너희 자녀들이 예언하고 너희 젊은이들이 이상을 보고 너희 늙은이들이 꿈을 꾸리라
부흥,내가 내 성령을 네 자손에게 부어주며 내 복을 네 후손에게 부어주리라
부흥,그 후에 내가 내 영을 모든 육체에게 부어 주리니 너희 자녀들이 예언하고 너희 늙은이들이 꿈을 꾸며 너희 젊은이들이 이상을 볼 것이며
부흥,내 영혼이 진토에 가까워졌사오니 주의 말씀대로 나를 일으켜 주소서
부흥,새 포도주를 새 부대에 담지 아니하는 것과 같이 새 포도주는 새 부대에 담아야 하느니라
부흥,새 포도주는 새 부대에 담으라 그렇지 않으면 새 포도주가 부대를 터뜨리고 포도주가 쏟아지며 부대도 망하게 되리라
부흥,일어나라 빛을 발하라 네 빛이 이르렀고 여호와의 영광이 네 위에 나타났음이니라
부흥,또한 새 마음을 너희에게 주며 새 영을 너희 안에 두고 너희 육신에서 돌같은 마음을 제거하고 부드러운 마음을 주리라
부흥,그들이 기도할 때에 모인 곳이 진동하며 그들이 다 성령의 충만함을 받으며 하나님의 말씀을 담대히 전하니라
부흥,그때까지는 성령이 우리에게 부어질 때까지 그가 우리를 새롭게 하시리라
부흥,그러므로 우리가 낙심하지 아니하노니 우리의 겉사람은 낡아지나 우리의 속사람은 날로 새로워지느니라
부흥,이들은 한 마음으로 계속해서 기도하며 여러 여인과 예수의 어머니 마리아와 그의 형제들과 함께 있었더라
부흥,우리가 주의 얼굴을 구하오니 우리가 돌아와서 살게 하소서
부흥,가난한 자들은 또 여호와로 말미암아 즐거워하고 궁핍한 자들은 이스라엘의 거룩한 이로 말미암아 기뻐하리라
부흥,기록된 바 첫 사람 아담은 살아 있는 영이 되었고 마지막 아담은 살려 주는 영이 되었느니라
부흥,여호와의 구속을 받은 자들이 돌아오고 노래하며 시온에 이르리니 그들의 머리에는 영원한 기쁨이 있을 것이요 그들이 기쁨과 즐거움으로 충만하고 슬픔과 탄식은 도망하리라
부흥,그 흩어진 사람들이 가는 곳마다 복음을 전하니라
부흥,여호와의 구원이 가까운 자들에게 임하였으니 그의 영광이 우리 땅에 거하리로다
부흥,보라 내가 새 일을 행하리니 이제 그것이 나타날 것이라 너희는 그것을 알지 못하겠느냐 내가 광야에 길을 사막에 강을 내리니
부흥,그런즉 누구든지 그리스도 안에 있으면 새로운 피조물이라 이전 것은 지나갔으니 보라 새 것이 되었도다
부흥,그들이 주를 섬기며 금식할 때에 성령이 말씀하시되 내가 바나바와 사울을 불러서 내가 그들에게 명령한 일을 하게 하라
부흥,여호와께서 시온을 위로하실 때 그곳의 황폐한 곳이 기쁨과 즐거움이 될 것이라 거기서 감사의 소리와 찬양의 소리가 나리라
부흥,또 그들에게 이르시되 너희는 온 천하에 다니며 모든 피조물에게 복음을 전파하라
부흥,땅이 그 소산을 내어주고 하나님 우리 하나님이 우리에게 복을 주시리로다
부흥,그들이 그 도시에 복음을 전하고 많은 사람을 제자로 삼은 후 그곳을 떠나 리스드라와 이고니온과 안티오키아로 가서
부흥,약한 자들에게 내가 약한 자가 되어 약한 자들을 구원하려고 하였고 내가 모든 일에 모든 사람을 기쁘게 하여 그들 중에서 몇 사람이라도 구원하려고 하였느니라
부흥,그들이 풀밭처럼 자라며 시냇물 곁에서 자라리니 그들 중에 어떤 자는 여호와의 이름을 부르고 다른 자는 야곱의 이름을 부르며 또 다른 자는 손을 들고 여호와의 이름으로 자랑하리라
부흥,베드로가 이르되 은과 금은 내게 없거니와 내게 있는 것을 네게 주노니 나사렛 예수 그리스도의 이름으로 일어나 걸으라
부흥,주의 영이 그들에게 불어넣으시며 그들이 창조되었고 주의 얼굴이 새롭게 되어 그들이 새롭게 되리로다
부흥,하늘이여 위로부터 강림하라 구름이 의를 내려주며 땅이 열려 구원을 나타내고 의를 함께 맺게 하라
부흥,그들이 그 지역에서 복음을 전파하니 많은 사람들이 믿게 되었고 그 말씀이 그 지역에 퍼져갔다
부흥,여호와를 기다리는 자는 새 힘을 얻으리니 독수리 날개 치며 올라갈 것이요 달려가도 피곤하지 아니하며 걸어가도 지치지 아니하리로다
부흥,예수께서 그들에게 이르시되 나를 따라오라 내가 너희를 사람 낚는 어부가 되게 하리라
부흥,그가 또한 우리를 새 언약의 일꾼으로 삼으셨으니 문자로 된 것이 아니요 영으로 된 것이니 문자는 죽이는 것이요 영은 살리는 것이라
부흥,그러므로 너희는 가서 모든 민족을 제자로 삼고 아버지와 아들과 성령의 이름으로 세례를 주며
부흥,그때에 맹인의 눈이 열리고 못 걷는 자의 발이 뛰게 되며
부흥,우리가 하나님과 함께 일하는 자로서 너희를 권하노니 하나님의 은혜를 헛되이 받지 말라
부흥,여호와의 말씀이니라 그러므로 이제라도 금식하고 울며 통곡하고 너희 하나님께로 돌아오라
부흥,감사로 하나님께 제사를 드리며 지극히 높은 이에게 서원을 갚으며
부흥,그 말을 받은 사람들은 세례를 받으며 이날에 제자의 수가 삼천이나 더하였고
부흥,민족들이 네 빛으로 왕들이 네 비춤으로 나아오리라
부흥,주의 인자하심으로 나를 살리소서 내가 주의 법을 지킬 때까지
부흥,빌립이 사마리아에 내려가 그리스도의 복음을 전하니
부흥,내가 입을 열어 평화를 선포하며 먼 곳과 가까운 곳에 있는 자들에게 구원을 선포하리라
부흥,여호와여 우리가 주께 바라는 대로 주의 인자하심이 우리에게 임하리이다
부흥,내가 목마른 영혼을 만족하게 하며 피곤한 영혼을 채우리라
부흥,그가 이틀 후에 우리를 살리시며 셋째 날에 우리를 일으키시리니 우리가 그 앞에서 살리라
부흥,때가 찼고 하나님의 나라가 가까이 왔으니 회개하고 복음을 믿으라
부흥,너희는 이 세대를 본받지 말고 마음을 새롭게 함으로 변화를 받아 하나님의 뜻이 무엇인지 분별하도록 하라
부흥,형제들아 내가 아직 잡은 줄로 여기지 아니하고 오직 하나는 잊어버리고 뒤에 있는 것은 잊어버리고 앞에 있는 것을 향하여 달려가노라
부흥,내가 고아와 같이 너희를 버려두지 아니하고 너희에게로 오리라
부흥,주께서 나를 고난 중에 살게 하시며 다시 큰 은혜로 나를 일으켜 주시리이다
부흥,내가 너희를 너희 땅에 두어 너희가 내가 여호와인 줄 알게 하리라
부흥,여호와께서 너를 항상 인도하시며 네 영혼을 기른다 네가 물가에서 발이 미끄러지지 않게 하리라
부흥,예수를 죽은 자 가운데서 살리신 이의 영이 너희 안에 거하시면 그리스도 예수를 죽은 자 가운데서 살리신 이가 너희의 죽을 몸도 살리시리라
부흥,내가 너희에게 이르는 말은 영이요 생명이라
부흥,광야에서 여호와의 길을 예비하라 평지에서 우리 하나님을 위하여 대로를 평탄하게 하라
부흥,그가 그 큰 죽음에서 우리를 건져 내셨고 또 건져 내실 것이며 우리가 그에게 바라는 대로 건져 내실 것이다
부흥,그 날에 사람들이 말하기를 보라 이는 우리의 하나님이시라 우리가 그를 기다렸고 그가 우리를 구원하셨도다
부흥,그런즉 누구든지 그리스도 안에 있으면 새로운 피조물이라 이전 것은 지나갔으니 보라 새 것이 되었도다
부흥,내가 내 영을 너희 안에 두고 너희로 하여금 내 규례를 지키며 내 법을 행하게 하리라
부흥,그가 마음이 상한 자를 고치시며 그들의 상처를 싸매시리로다
부흥,내가 그들에게 한 마음을 주고 그들 속에 새 영을 두며 그들의 돌같은 마음을 제거하고 살과 같은 마음을 주리라
부흥,어떤 사람은 모이기를 폐하는 습관이 있으나 서로 권면하며 그 날이 가까운 것을 보고 더욱 그리하자
부흥,슬픈 자에게 무릎을 꿇고 아름다운 꽃을 대신하여 슬픔의 기름을 주며 근심하는 자에게 찬송의 옷을 주리라
부흥,우리가 그의 죽으심을 본받아 세례로 그와 합하여 장사되었으니 이와 같이 그리스도를 죽은 자들 가운데서 살리신 영광의 아버지의 영으로 말미암아 우리도 새 생명 가운데서 행하게 하려 함이라
부흥,우리가 선을 행하다가 지지 아니하면 때가 이르매 거두리라
부흥,여호와께 구속된 자들이 돌아오고 시온에 이르러 노래하며 그들의 머리에는 영원한 기쁨이 있을 것이요 그들이 기쁨과 즐거움으로 충만하고 슬픔과 탄식은 도망하리라
부흥,주 여호와의 영이 내게 임하셨으니 이는 가난한 자에게 복음을 전하게 하시고 포로된 자에게 자유를 눈 먼 자에게 다시 보게 함을 억압당하는 자를 자유롭게 하며
부흥,그의 노여움은 잠깐이요 그의 은혜는 평생이로다 저녁에는 울음이 깃들일지라도 아침에는 기쁨이 오리라
부흥,믿음의 주요 또 온전하게 하시는 예수를 바라보자 그가 그 앞에 있는 기쁨을 위하여 십자가를 참으시고 부끄러움을 개의치 아니하시더니 하나님 보좌 우편에 앉으셨느니라
부흥,도적이 오는 것은 도적질하고 죽이고 멸망시키려는 것뿐이요 내가 온 것은 양으로 생명을 얻게 하고 더 풍성히 얻게 하려는 것이라
부흥,이는 여호와께서 정하신 날이니 우리가 그 안에서 즐거워하고 기뻐하리로다
부흥,그러므로 형제들아 내가 하나님의 모든 자비하심으로 너희를 권하노니 너희 몸을 하나님이 기뻐하시는 거룩한 산 제물로 드리라 이는 너희가 드릴 영적 예배니라
부흥,그리하여 유대와 갈릴리와 사마리아 교회가 평안하여 덕을 세우며 주를 경외하고 성령의 위로로 즐겁게 됨으로 수가 더 많아졌더라
부흥,내가 여호와로 인하여 심히 기뻐하며 내 마음은 나의 하나님으로 말미암아 즐거워하리니 이는 그가 구원의 옷을 내게 입히시며 의의 겉옷으로 나를 덮으셨음이라
부흥,나를 믿는 자는 성경에 말한 바와 같이 그 배에서 생수의 강이 흘러나리라
부흥,하나님이 죄를 알지 못하신 이를 우리를 대신하여 죄로 삼으신 것은 우리가 그 안에서 하나님의 의가 되게 하려 하심이라
부흥,너희는 돈을 사랑하지 말고 있는 바를 족한 줄로 알고 나는 결코 너희를 버리지 아니하고 너희를 떠나지 아니하리라
부흥,여호와께서 구속하신 자들이 돌아오고 노래하며 시온에 이르리니 그들의 머리에는 영원한 기쁨이 있을 것이요 그들이 기쁨과 즐거움으로 충만하고 슬픔과 탄식은 도망하리라
부흥,너희는 마음에 근심하지 말라 하나님을 믿으니 또 나를 믿으라
부흥,하나님은 거짓이 없으시니 그의 약속을 변하지 않게 하시며 그를 의지하는 자에게 큰 위로를 주시기 위해
부흥,내 영혼아 여호와께서 내게 베푸신 은혜에 대해 쉬어라
부흥,오직 성령이 너희에게 임하시면 너희가 권능을 받고 예루살렘과 온 유대와 사마리아와 땅 끝까지 내 증인이 되리라
부흥,현재의 고난은 장차 우리에게 나타날 영광과 비교할 수 없도다
부흥,여호와를 기다리는 자는 새 힘을 얻으리니 독수리 날개 치며 올라갈 것이요 달려가도 피곤하지 아니하며 걸어가도 지치지 아니하리로다
부흥,예수께서 이르시되 할 수 있거든이 무슨 말이냐 믿는 자에게는 능치 못할 일이 없느니라
부흥,여호와께 새 노래를 부르라 온 땅이여 여호와께 노래할지어다
부흥,그들이 사도들의 가르침을 받아 서로 교제하며 떡을 떼고 기도하는 일에 힘쓰니라
부흥,내가 그리스도와 함께 십자가에 못 박혔나니 그런즉 이제는 내가 사는 것이 아니라 그리스도께서 내 안에 사시는 것이라
부흥,깨어 믿음을 굳게 가지며 남자답게 강하게 하라
부흥,서로를 격려하여 사랑과 선한 일을 하도록 하며
부흥,날마다 우리를 위해 이긴 군사를 제공하시는 주를 찬송하라
부흥,주의 영이 내게 임하셨으니 이는 내가 가난한 자에게 복음을 전하게 하시며 마음이 상한 자를 고치며 포로에게 자유를 갇힌 자에게 풀려놓음을 선포하게 하려 하심이라
치유,그가 찔리면 우리의 허물 때문이요 그가 상하면 우리의 죄악 때문이라 그가 징계를 받음으로 우리는 평화를 누리고 그가 채찍에 맞음으로 우리는 나음을 입었도다
치유,그가 이르시되 너는 네 하나님 여호와의 말을 잘 듣고 내가 보기에 의로운 일을 행하며 내 계명을 지키면 내가 애굽의 질병 중에서 너를 하나도 너에게 두지 아니하리니 나는 너희를 치료하는 여호와임이라
치유,모든 죄악을 사하시며 모든 병을 고치시는 그가
치유,주여 주께서 나를 치유하시고 나를 살리셨으므로 나는 다시 살고 내가 살아 있는 동안 주를 찬송하리라
치유,그가 이르시되 딸아 네 믿음이 너를 구원하였으니 평안히 가라 네 병에서 나으리라
치유,예수께서 모든 도시와 마을을 두루 다니시며 회당에서 가르치시고 나라의 복음을 전파하시며 백성 중에 모든 병과 모든 약한 것을 고치시니라
치유,그가 들어가신 마을이나 동네나 농촌마다 사람들이 병자들을 시장에 두고 예수께 손을 대게 하려 하며 예수의 옷자락이라도 만지면 나으리라 하더라
치유,너희가 내 이름으로 무엇이든지 구하면 내가 행하리라
치유,너희 몸은 너희가 하나님께로부터 받은 바 너희 안에 계신 성령의 전인 줄을 알지 못하느냐 너희는 너희의 것이 아니라
치유,마음이 상한 자를 고치시며 그들의 상처를 싸매시는 이시로다
치유,찬송하리로다 하나님 곧 우리 주 예수 그리스도의 아버지 자비의 아버지 모든 위로의 하나님 우리로 하여금 모든 환난 중에서 위로를 받아 다른 사람들을 위로하게 하시는 하나님
치유,피곤한 자에게는 능력을 주시며 무능한 자에게는 힘을 더하시나니
치유,베드로가 이르되 은과 금은 내게 없거니와 내게 있는 것을 네게 주노니 나사렛 예수 그리스도의 이름으로 일어나 걸으라
치유,예수께서 그가 누워 있는 것을 보시고 그에게 이르시되 네가 낫고자 하느냐
치유,여호와 나의 하나님 내가 주께 부르짖었더니 나를 고치셨나이다
치유,무리가 다 예수를 만지려고 하니 능력이 그에게서 나가서 모든 사람을 고치시더라
치유,여호와께서 병상에서 그를 붙드시며 그가 누워 있을 때 그를 치료하시리로다
치유,이는 선지자 이사야를 통해 하신 말씀을 이루려 하심이니 그가 우리의 약한 것을 담당하고 우리의 병을 짊어졌도다
치유,이 말씀을 하시고 진흙을 이르시며 그 눈에 바르시고 실로암 못에 가서 씻으라 하시니 그가 가서 씻고 보게 되었다
치유,내가 네게 말하노니 일어나 네 자리를 들고 걸어가라 그가 일어나 곧 자리를 들고 걸어가며 모든 사람이 보고 놀라며 하나님께 영광을 돌리니라
치유,그가 그의 말씀을 보내어 그들을 고치시며 그들이 죽을 병에서 구원하시도다
치유,주 여호와의 영이 내게 임하였으니 이는 여호와께서 내게 기름을 부으시고 가난한 자에게 아름다운 소식을 전하게 하시며 마음이 상한 자를 고치게 하시고 포로에게 자유를 갇힌 자에게 노임을 선포하게 하셨기 때문이라
치유,수고하고 무거운 짐을 진 자들아 다 내게 오라 내가 너희를 쉬게 하리라
치유,예수께서 이르시되 따라가서 평안히 가라 네가 믿음으로 구원을 얻었느니라
치유,예수께서 이를 아시고 거기를 떠나셨으나 많은 사람이 그를 따랐고 그들을 고치시며
치유,내게 고난이 있을 때 내가 여호와께 부르짖으니 그의 성전에서 내 소리를 들으시고 내 부르짖음이 그의 귀에 들렸도다
치유,의인은 고난이 많으나 여호와께서 그 모든 고난에서 건지시는도다
치유,예수께서 이르시되 가라 네 믿음이 너를 구원하였느니라 그가 즉시 보게 되어 예수를 따라가니라
치유,예수께서 그 여자를 보시고 그에게 이르시되 여자여 네가 네 연약함에서 풀려났느니라
치유,예수를 죽은 자 가운데서 살리신 이의 영이 너희 안에 거하시면 그리스도를 죽은 자 가운데서 살리신 이가 너희의 죽을 몸도 그의 영으로 살리시리라
치유,그러므로 손 떨린 자들을 일으키고 무릎 약한 자들을 바로 하여 너희 발이 미끄러지지 않게 하고 오히려 치료되게 하라
치유,내 영혼을 소생시키시고 자기 이름을 위하여 의의 길로 인도하시는도다
치유,예수의 소문이 온 수리아에 퍼지며 모든 병에 걸린 사람을 데려오게 하여 그들을 고치시니라
치유,예루살렘 주변의 도시들로부터 병자들이나 악한 영에 들린 자들이 다 모여들어 모두 고침을 받으니라
치유,네 생명을 파멸에서 구속하시며 인자와 긍휼로 관을 씌우시며
치유,그리스도의 고난이 우리에게 넘친 것 같이 우리의 위로도 그리스도로 말미암아 넘친다
치유,그러나 그가 이르시되 내 은혜가 네게 족하도다 내 능력이 약한 데서 온전해지느니라
치유,베드로가 그에게 이르되 에니아야 예수 그리스도께서 너를 고치시느니라 일어나 자리를 정돈하라 그가 일어났다
치유,예수께서 그에게 말씀하시되 가라 네 아들이 살아있다 그 사람이 믿고 예수께서 말씀하신 대로 가니라
치유,내가 병상에 있을 때 여호와께 말하기를 주여 나를 불쌍히 여기소서 나를 고쳐주소서 내게 죄가 있사오니
치유,예수께서 그 관을 만지시며 청년아 내가 네게 말하노니 일어나라 하시니 죽었던 청년이 일어나 앉아 말을 하더니 예수께서 그를 어머니에게 주시니라
치유,예수께서 들으시고 이르시되 이 병은 죽을 병이 아니요 하나님의 영광을 위함이니 하나님의 아들이 이로 말미암아 영광을 얻으리라
치유,그가 너를 새의 올무에서 위험한 병에서 건지시며
치유,그 때에 수많은 사람들이 다리 저는 자 눈 먼 자 말 못 하는 자 기형된 자 많은 병자들을 예수께 데려왔으며 예수께서 그들을 고치시니라
치유,여호와께서 네게 복을 주시며 모든 악에서 네 영혼을 지키시리라
치유,내가 그의 길을 보았으나 그를 고치리라
치유,그들이 눈이 있어도 보지 못하고 귀가 있어도 듣지 못하였더라
치유,한 나병 환자가 예수께 나아가며 그에게 주여 원하시면 나를 깨끗하게 하실 수 있나이다 하니 예수께서 손을 내밀어 그를 만지시며 내가 원하노니 깨끗하게 되어라 하시니 그 즉시 나병이 나았다
치유,재앙이 네게 임하지 아니하며 재난이 네 장막에 가까이 오지 못하리라
치유,예수께서 병자들을 많이 고치시며 그의 주위에 있는 사람들이 그의 옷을 만지려고 하였으니
치유,여호와는 마음이 상한 자에게 가까이하시고 중심이 통회하는 자를 구원하시는도다
치유,그때에 네 빛이 아침처럼 비치고 네 치료가 빠르게 일어나며 네 의가 네 앞에 가고 여호와의 영광이 네 뒤에서 호위하리라
치유,예수께서 그에게 불쌍히 여기시고 손을 내밀어 그를 만지시며 이르시되 내가 원하노니 깨끗하게 되어라 하시니 그가 즉시 깨끗하게 되었다
치유,예수께서 그 여인에게 이르시되 네 믿음이 너를 구원하였으니 평안히 가라
치유,하나님이 죄를 알지도 못한 자를 우리를 대신하여 죄로 삼으신 것은 우리가 그 안에서 하나님의 의가 되게 하려 하심이라
치유,미련한 자들은 자기 죄로 말미암아 괴로워하고 그들은 고통 중에 죽음의 문에 가까웠으나 여호와께 부르짖으니 그들의 고통에서 구원하셨다 그가 그의 말씀을 보내어 그들을 고치시며 죽을 병에서 구원하셨다
치유,예수께서 그에게 이르시되 할 수 있거든이 무슨 말이냐 믿는 자에게는 능치 못할 일이 없느니라
치유,예수께서 온 갈릴리에서 가르치시고 그들의 병과 약한 것을 고치시며 귀신을 쫓아내시고 모든 병을 고치시니라
치유,예수 그리스도는 어제나 오늘이나 동일하시니라
치유,그곳에 거하는 자는 모두 죄가 사함을 받고 병이 나을 것이다
치유,그곳에 가서 하나님 나라가 너희에게 가까이 왔다고 전하라 병든 자를 고치고 죽은 자를 살리며
치유,너희가 내 안에 거하고 내 말이 너희 안에 거하면 무엇이든지 원하는 대로 구하라 그리하면 이루리라
치유,여호와는 나의 목자시니 내가 부족함이 없으리로다 그가 나를 푸른 초장에 누이시며 쉴 만한 물가로 인도하시는도다 내 영혼을 소생시키시고 그의 이름을 위하여 의의 길로 인도하시는도다
치유,내 육체와 마음은 쇠약하나 하나님은 내 마음의 반석이시요 영원한 분기점이시니
치유,두려워하지 말라 내가 너와 함께함이라 놀라지 말라 나는 네 하나님이 됨이라 내가 너를 굳세게 하리라 참으로 너를 도와주리라 참으로 나의 의로운 오른손으로 너를 붙들리라
치유,그러므로 우리가 낙심하지 아니하노니 우리의 겉 사람은 후패하나 우리의 속 사람은 날로 새로워지도다
치유,우리가 이 소망을 가지고 있는 것은 영혼의 닻과 같아서 튼튼하고 확실하며 휘장이 안쪽에 들어가게 하느니라
치유,이 말씀을 하시고 큰 소리로 나사로야 나오라 하시니 죽었던 자가 손과 발에 새하얀 수의를 감고 나오는데 얼굴에는 수건이 감겨 있었다 예수께서 이르시되 풀어주어 그가 가게 하라
치유,오직 여호와를 바라는 자는 새 힘을 얻으리니 독수리가 날개 치며 올라감 같을 것이요 달려가도 피곤하지 아니하며 걸어가도 곤비하지 아니하리로다
치유,너희가 감당할 수 없는 시험을 당한 것이 아니니 하나님은 믿믿는 자들에게 시험을 주시지 아니하시고 감당할 수 있도록 도와주신다
치유,많은 무리가 예수께 나아와 그가 고치시고 병을 고쳤으며 그들이 그의 능력을 보고 하나님께 영광을 돌리니라
치유,예수께서 가르치실 때 바리새인과 율법 학자들이 갈릴리와 유대와 예루살렘에서 나와 예수께 앉아 여호와의 능력이 그를 통해 나타나게 되었다
치유,그들이 고난 중에 여호와께 부르짖으므로 그가 그들을 고치시고 그들의 고통에서 구원하셨다
치유,그동안 너희가 내 이름으로 아무것도 구하지 아니하였으나 이제는 구하라 그리하면 받으리니 너희 기쁨이 충만하게 될 것이다
치유,그가 우리의 병을 담당하고 우리의 고통을 짊어지셨다 우리는 그가 징계받고 고통당할 때 치유받았다
치유,예수께서 그 여자를 돌아보시며 딸아 네 믿음이 너를 구원하였느니라 평안히 가라 하시니 여자가 그 즉시 나았다
치유,예수께서 그에게 이르시되 너의 믿음이 너를 구원하였느니라 그가 곧 보게 되어 하나님을 찬양하니 모든 사람이 그것을 보고 하나님께 영광을 돌리더라
치유,네 친구들이 예수께 병자를 데려와 예수께서 그의 죄를 사하셨다고 선언하시고 그를 일으켜 가게 하시니라
치유,내 영혼아 네가 어찌하여 낙심하며 어찌하여 내 속에서 불안해하느냐 하나님을 바라라 내가 그를 여전히 찬양하리로다
치유,예수께서 한 여인을 보시고 18년 동안이나 병이 든 것을 보고 여자여 네가 네 연약함에서 풀려났다 하고 손을 얹으시니 그녀가 곧 일어나 하나님께 영광을 돌리더라
치유,베드로가 그에게 이르되 에니아야 예수 그리스도께서 너를 고치시느니라 일어나 자리를 정돈하라 그가 일어나 걸어가니라
치유,사망이 이기지 못하고 사망의 쏘는 것이 죄라 죄의 권세는 율법이라 그러나 우리 주 예수 그리스도로 말미암아 승리가 있다
치유,내 영혼아 여호와를 송축하며 그의 모든 은혜를 잊지 말지어다 그가 모든 죄악을 사하시며 모든 병을 고치시며
치유,내가 너희에게 말한 말은 영이요 생명이라
치유,내가 너를 창조한 자 너를 짓고 너를 도울 자라 네가 물가운데로 지날 때 내가 너와 함께하리라 네가 불가운데로 지날 때 타지 아니하리라
치유,내게 배우고 내게 와서 너희 마음을 쉬게 하라
치유,지존자의 은밀한 곳에 거하는 자는 전능자의 그늘 아래 거하리라 내가 여호와를 말하기를 그는 나의 피난처요 나의 요새요 내가 의뢰할 하나님이라 하리라
치유,슬픔에 거하는 자에게 화관을 주고 근심에 거하는 자에게 기쁨의 기름을 부으시며 찬송의 옷을 입히시되
치유,그들이 여호와께 부르짖으므로 여호와께서 그들을 그들의 고통에서 구원하시고 바람을 잠잠하게 하시며 바다를 고요하게 하시니 그들이 기뻐하였고
치유,여자가 속으로 생각하되 내가 그의 옷자락만 만져도 구원을 얻으리라 하여 예수께서 그녀를 고치시며 네 믿음이 너를 구원하였으니 평안히 가라
치유,주 여호와의 영이 내게 임하였으니 이는 여호와께서 내게 기름을 부으시고
치유,하나님의 모든 약속은 그리스도 안에서 예가 되며 그를 통해 아멘이 되어 하나님께 영광을 돌리게 하셨느니라
치유,하나님이여 주의 인자하심이 어찌 그리 귀한지요 인생이 주의 날개 아래 피하리이다
치유,도둑은 오는 것은 도적질하고 죽이고 멸망시키려 함이요 나는 양들이 생명을 얻게 하고 더 풍성히 얻게 하려 함이라
치유,의인은 종려나무같이 번성하며 레바논의 백향목같이 자라리라
치유,이 사람을 고친 예수의 이름을 믿음으로 고쳤으니 믿음이 그를 온전히 고쳤도다
치유,하나님을 사랑하는 자 곧 그의 뜻대로 부르심을 입은 자들에게는 모든 일이 합력하여 선을 이루느니라
치유,우리를 시험에 들게 하지 마시옵고 다만 악에서 구하시옵소서
치유,너희는 마음에 근심하지 말라 하나님을 믿으니 또 나를 믿으라
치유,그러므로 우리는 긍휼하심을 받고 때를 따라 돕는 은혜를 얻기 위하여 은혜의 보좌 앞에 담대히 나아갈 것이니라
전도,그러므로 너희는 가서 모든 민족을 제자로 삼고 아버지와 아들과 성령의 이름으로 세례를 주며 내가 너희에게 분부한 모든 것을 가르쳐 지키게 하라 보라 내가 세상 끝날까지 너희와 항상 함께 있으리라
전도,너희는 온 천하에 다니며 만민에게 복음을 전파하라
전도,오직 성령이 너희에게 임하시면 너희가 권능을 받고 예루살렘과 온 유대와 사마리아와 땅 끝까지 이르러 내 증인이 되리라
전도,그들이 믿지 아니한 이를 어찌 부르리요 듣지 못한 이를 어찌 믿으리요 전파하는 자가 없으면 어찌 들으리요 보내심을 받지 아니하였으면 어찌 전파하리요 기록된 바 아름답도다 좋은 소식을 전하는 자들의 발이여 함과 같으니라
전도,내가 또 주의 음성을 들으니 이르시되 내가 누구를 보내며 누가 우리를 위하여 갈꼬 하시니 그 때에 내가 말하되 여기 있나이다 나를 보내소서
전도,추수할 것은 많되 일꾼이 적으니 그러므로 추수하는 주인에게 일꾼들을 보내어 주옵소서 하라
전도,너희는 넉 달이 지나야 추수할 때가 이른다고 말하지 아니하느냐 보라 나는 너희에게 이르노니 눈을 들어 밭을 보라 이미 희게 되어 추수할 때가 되었도다
전도,그러나 그 흩어진 자들이 두루 다니며 복음의 말씀을 전하니라
전도,너희는 세상의 빛이라 산 위에 있는 동네가 숨겨지지 못할 것이요
전도,너는 말씀을 전파하라 때를 얻든지 못 얻든지 항상 준비하라 경책하며 경계하며 위로하라 온 오래 참음과 교리로 하라
전도,약한 자들에게 내가 약한 자와 같이 된 것은 약한 자들을 얻고자 함이라
전도,우리는 그리스도를 대신하여 사절이 되어 하나님이 너희를 구원하시기를 구하노니 그리스도를 대신하여 너희에게 간구하노니 하나님과 화목하라
전도,너희가 이 세대 가운데서 비뚤고 거스르는 가운데서 하나님의 흠 없고 순전한 자녀로 나타나기를 바란다 그때 너희가 세상에서 빛을 비추는 별과 같이 될 것이다
전도,주인이 종에게 이르되 길과 산울타리로 가서 사람들을 강제로 데려다가 내 집을 채우라
전도,이 천국 복음이 모든 민족에게 증거되기 위하여 온 세상에 전파되니 그제야 끝이 오리라
전도,그들이 그 집에 가득 차서 이 사람들이 세상을 어지럽히던 자들이 여기에도 이르렀다고 말하며
전도,내가 복음을 부끄러워하지 아니하노니 이 복음은 모든 믿는 자에게 구원을 주시는 하나님의 능력이기 때문이라
전도,십자가의 도가 멸망하는 자들에게는 미련한 것이요 구원을 얻는 우리에게는 하나님의 능력이니라
전도,하나님을 찬미하며 온 백성에게 사람을 얻으니라 주께서 구원받는 사람을 날마다 더하게 하시니라
전도,내가 많은 증인 앞에서 들은 말을 충성된 사람들에게 부탁하라 그들이 또한 다른 사람들을 가르칠 수 있으리라
전도,믿고 세례를 받은 사람은 구원을 얻을 것이요 믿지 않는 사람은 정죄를 받으리라
전도,하나님이 세상을 이처럼 사랑하사 독생자를 주셨으니 이는 그를 믿는 자마다 멸망하지 않고 영생을 얻게 하려 하심이라
전도,그들에게 눈을 뜨게 하고 어두운 데서 빛으로 사단의 권세에서 하나님께로 돌아오게 하여 죄 사함과 거룩한 자들 가운데 기업을 얻게 하려고 보내셨느니라
전도,내가 복음을 전할지라도 자랑할 것이 없나니 이는 내게 의무가 있음이라 만일 복음을 전하지 않으면 내게 화가 있을 것이라
전도,그러므로 믿음은 들음에서 나며 들음은 그리스도의 말씀으로 말미암는다
전도,모든 사람이 구원을 얻고 진리를 아는 데 이르기를 원하시는 하나님이 나타나셨으니
전도,이에 예수께서 제자들에게 이르시되 추수할 것은 많되 일꾼이 적으니 그러므로 추수하는 주인에게 일꾼들을 보내어 주옵소서
전도,네가 알지 못하는 민족에게로 네가 불려가리라 네가 알지 못한 민족은 너를 부를 것이요
전도,인자는 섬김을 받으러 온 것이 아니라 섬기러 왔고 많은 사람을 위하여 자기 목숨을 대속물로 주려 함이라
전도,모든 것이 하나님께로부터 나며 그가 그리스도로 말미암아 우리를 자기와 화목하게 하시고 또 화목하게 하는 직분을 우리에게 주셨으니
전도,내가 그리스도의 이름을 알지 못한 자들에게 복음을 전파하고 그 이름을 전하기 위해 힘썼다
전도,예수께서 또 말씀하시되 나는 세상의 빛이라 나를 따르는 자는 어둠에 다니지 아니하고 생명의 빛을 얻으리라
전도,그가 살아 있는 자와 죽은 자의 심판자 되게 하시려고 하나님이 명하사 우리에게 복음을 전파하게 하시고
전도,또 나를 위하여 구할 것은 내가 입을 열어 담대히 복음을 전할 수 있게 하여 주시기를
전도,그러나 너는 모든 일에 근신하고 고난을 받으며 전도자의 일을 하며 네 직무를 다하라
전도,예수께서 또 그들에게 이르시되 아버지께서 나를 보내신 것처럼 나도 너희를 보내노라
전도,사람들이여 어찌하여 이 일을 하느냐 우리도 너희와 같은 사람이라 복음을 전하는 것은 너희로 하여금 이런 헛된 것에서 돌아서서 살아 계신 하나님께로 돌아오게 하려 함이라
전도,예수 그리스도의 종 바울은 하나님의 복음을 위하여 부르심을 받아 그 복음을 전파하는 자 되었으니
전도,그리스도 안에서 내가 너희를 낳았으므로 내가 그리스도를 전하였고 복음을 전파하였기 때문이다
전도,주께서 우리에게 이같이 명하셨으니 내가 너를 이방인의 빛으로 삼아 네가 땅 끝까지 구원의 유업을 이르게 하리라
전도,그리스도 예수께서 죄인을 구원하시려고 세상에 오셨다고 말하는 것은 믿을 만한 말이요
전도,마지막 날 곧 명절의 큰 날에 예수께서 서서 외쳐 이르시되 누구든지 목마르거든 내게로 와서 마시라 나를 믿는 자는 성경에 이름과 같이 그 배에서 생수의 강이 흘러나오리라
전도,가면서 전파하여 말하되 천국이 가까이 왔느니라
전도,그러므로 형제들아 내가 하나님의 모든 자비하심으로 너희를 권하노니 너희 몸을 하나님이 기뻐하시는 거룩한 산 제물로 드리라
전도,너희는 돈을 사랑하지 말고 있는 바를 족한 줄로 알고
전도,그러므로 너희는 회개하고 돌이켜 너희 죄 없이 함을 받으라
전도,오십시오 나를 따라오라 내가 너희로 사람을 낚는 어부가 되게 하리라
전도,주 예수를 믿으라 그리하면 너와 네 집이 구원을 얻으리라
전도,너희를 부르시니는 신실하신 이시니 그가 또한 너희를 끝까지 견고하게 하시리라
전도,보라 내가 너희를 양같이 보내노니 너희는 뱀같이 지혜롭고 비둘기같이 순결하라
전도,내가 땅에서 들리면 모든 사람을 내게로 이끌겠노라
전도,나는 선한 싸움을 싸우고 믿음을 지켰고 이제 의의 면류관이 나를 기다리고 있도다
전도,그가 회복되어 즉시 회당에서 예수를 전파하니 그가 하나님의 아들이심을 증거하니라
전도,때가 찼고 하나님 나라가 가까이 왔으니 회개하고 복음을 믿으라
전도,나는 세상의 빛이라 나를 따르는 자는 어둠에 다니지 아니하고 생명의 빛을 얻으리라
전도,우리는 그리스도를 대신하여 사절이 되어 하나님이 너희를 구원하시기를 구하노니 그리스도를 대신하여 너희에게 간구하노니 하나님과 화목하라
전도,그는 모든 사람이 구원을 받으며 진리를 아는 데 이르기를 원하시는 이시라
전도,그러므로 형제들아 너희는 이 사람을 통해 죄 사함을 전파함을 들으라
전도,그곳에서 복음을 전하고 많은 사람을 제자로 삼아 다시 루스드라와 이고니온과 안디옥으로 돌아갔다
전도,성도를 온전하게 하고 봉사의 일을 하게 하며 그리스도의 몸을 세우기 위한 일이라
전도,나는 문이라 누구든지 나를 통해 들어가면 구원을 얻고 또 들어가며 나오며 풀을 얻으리라
전도,우리가 하나님과 함께 일하는 자로서 너희를 권하노니 하나님의 은혜를 헛되이 받지 말라
전도,죄의 삯은 사망이요 하나님의 선물은 그리스도 예수 우리 주 안에 있는 영생이니라
전도,예수께서 열두 명을 세우시고 그들과 함께 있게 하시며 보내셔서 전도하게 하셨다
전도,다른 이로서는 구원을 얻을 수 없나니 천하 인간에게 구원을 얻을 만한 다른 이름을 주지 아니하였음이라
전도,믿음을 지키며 영생을 얻을 때까지 선한 싸움을 싸우라
전도,그가 고난을 받으신 후에 또한 많은 확실한 증거로 그들에게 나타나셨으며
전도,아버지께서 나를 세상에 보내신 것처럼 나도 그들을 세상에 보냈습니다
전도,구하라 그리하면 너희에게 주실 것이요
전도,주라 그리하면 너희에게 줄 것이니 후하게 눌러서 흔들어 넘치도록 주리라
전도,내가 복음을 위하여 모든 일을 하노니 이는 복음에 참여하고자 함이라
전도,발에 신을 신고 평안의 복음을 예비한 것으로 하라
전도,내 아버지의 뜻은 아들을 보고 믿는 자마다 영생을 얻는 것이라
전도,이방인들이 듣고 기뻐하며 주의 말씀을 찬송하니
전도,누구든지 너희를 영접하지 아니하거나 너희 말을 듣지 아니하거든 그 집이나 그 성을 떠나며
전도,하나님의 종이며 예수 그리스도의 사도인 바울은 하나님의 택한 자들에게 믿음의 진리를 알리기 위해
전도,이 세상의 풍속을 본받지 말고 마음을 새롭게 함으로 변화를 받아
전도,그러므로 너희는 회개하고 돌이켜 너희 죄 사함을 받으라
전도,내가 진실로 진실로 너희에게 이르노니 나를 믿는 자는 내가 하는 일을 그도 할 것이요
전도,우리 주 예수 그리스도로 말미암아 항상 승리하게 하시니
전도,이 천국 복음이 모든 민족에게 증거되기 위하여 온 세상에 전파되니 그제야 끝이 오리라
전도,그들이 다 성령이 충만하여
전도,이제는 너희가 죄에게서 해방되고 하나님에게 종이 되어
전도,약한 자들에게 내가 약한 자와 같이 된 것은 약한 자들을 얻고자 함이라
전도,너희가 전에는 어두웠으나 이제는 주 안에서 빛이라
전도,그 흩어진 자들이 두루 다니며 복음을 전하니라
전도,복음을 부끄러워하지 아니하노니
전도,내가 복음을 전하기 때문에 고난을 받으나
전도,열한 제자가 갈릴리로 가서 예수께서 지시하신 산에 이르러
전도,주 예수를 믿으라
전도,추수할 것은 많되 일꾼이 적으니
전도,너희는 세상의 빛이라
전도,너는 모든 일에 근신하고 고난을 받으며
전도,빌립이 사마리아에 내려가 복음을 전파하니
전도,그들이 믿지 아니한 이를 어찌 부르리요
전도,루디아가 듣고 주께서 그 마음을 열어
전도,나를 따라오라
전도,하나님을 찬미하며
전도,거짓말하는 자들
전도,내가 땅에서 들리면
